"student_id","minutes_watched","paid_in_q2"
"6","134.17","1"
"31","348.40","1"
"182","4037.73","1"
"235","624.43","1"
"616","232.03","1"
"618","476.30","1"
"699","444.70","1"
"702","3.20","1"
"838","696.57","1"
"841","649.50","1"
"862","333.47","1"
"908","1.83","1"
"911","78.70","1"
"917","11.33","1"
"969","1169.20","1"
"988","289.57","1"
"999","768.43","1"
"1016","40.30","1"
"1019","113.00","1"
"1036","443.23","1"
"1046","2812.77","1"
"1064","133.70","1"
"1085","165.93","1"
"1102","542.60","1"
"1151","412.47","1"
"1159","61.57","1"
"1183","93.63","1"
"1188","26.03","1"
"1200","658.80","1"
"1201","15.33","1"
"1210","8.80","1"
"1215","6.07","1"
"1221","454.60","1"
"1235","71.97","1"
"1246","1057.13","1"
"1271","6.10","1"
"1285","128.10","1"
"1306","1471.37","1"
"1308","0.70","1"
"1317","42.53","1"
"1355","36.13","1"
"1362","27.03","1"
"1382","0.67","1"
"1404","59.47","1"
"1419","127.03","1"
"1426","35.57","1"
"1434","47.33","1"
"1436","0.47","1"
"1468","177.27","1"
"1517","140.70","1"
"1521","1553.83","1"
"1522","251.77","1"
"1530","9.47","1"
"1537","39.63","1"
"1538","3.40","1"
"1539","1.77","1"
"1540","1351.20","1"
"1543","18.57","1"
"1563","10.53","1"
"1567","730.73","1"
"1581","571.90","1"
"1605","50.00","1"
"1619","2981.47","1"
"1641","3.73","1"
"1652","2065.73","1"
"1661","10.37","1"
"1669","104.77","1"
"1678","185.83","1"
"1742","529.77","1"
"1753","111.53","1"
"1754","1032.37","1"
"1778","794.73","1"
"1780","1.30","1"
"1794","231.03","1"
"1802","0.10","1"
"1852","436.47","1"
"1863","76.33","1"
"1864","602.43","1"
"1880","1438.07","1"
"1883","5.33","1"
"1909","476.70","1"
"1914","41.00","1"
"1923","1.10","1"
"1950","34.03","1"
"1977","1496.23","1"
"2003","1871.33","1"
"2014","229.33","1"
"2018","323.40","1"
"2019","1.07","1"
"2055","40.23","1"
"2060","45.00","1"
"2070","256.77","1"
"2073","935.07","1"
"2084","178.80","1"
"2091","794.07","1"
"2110","8.63","1"
"2112","1752.33","1"
"2114","156.37","1"
"2195","58.60","1"
"2217","23.13","1"
"2218","101.27","1"
"2222","4.90","1"
"2236","18.23","1"
"2248","764.50","1"
"2255","488.33","1"
"2258","15.70","1"
"2274","7.43","1"
"2284","4.43","1"
"2292","87.37","1"
"2295","80.03","1"
"2324","17.17","1"
"2359","0.30","1"
"2377","72.20","1"
"2385","21.17","1"
"2398","737.07","1"
"2409","114.70","1"
"2417","26.27","1"
"2431","1.70","1"
"2495","250.70","1"
"2506","28.37","1"
"2534","1.40","1"
"2546","768.00","1"
"2555","1331.87","1"
"2591","179.37","1"
"2620","32.13","1"
"2636","224.00","1"
"2663","30.57","1"
"2702","0.90","1"
"2723","150.17","1"
"2725","251.50","1"
"2731","937.33","1"
"2734","405.40","1"
"2737","1361.13","1"
"2764","5.33","1"
"2811","1151.43","1"
"2824","37.43","1"
"2851","803.13","1"
"2866","12.97","1"
"2881","2.40","1"
"2887","8.17","1"
"2925","30.60","1"
"2945","109.83","1"
"2954","326.23","1"
"2973","6.57","1"
"2978","398.73","1"
"2984","734.03","1"
"2986","1041.93","1"
"3056","3.57","1"
"3062","8.77","1"
"3070","1085.90","1"
"3080","154.93","1"
"3115","42.07","1"
"3146","0.70","1"
"3183","295.10","1"
"3188","70.30","1"
"3195","708.67","1"
"3219","327.90","1"
"3239","3914.37","1"
"3256","720.90","1"
"3292","115.90","1"
"3338","418.50","1"
"3406","33.47","1"
"3420","157.83","1"
"3423","1255.57","1"
"3478","1.20","1"
"3481","61.17","1"
"3511","14.97","1"
"3524","117.57","1"
"3541","56.10","1"
"3577","659.80","1"
"3598","267.80","1"
"3631","13.57","1"
"3643","1118.60","1"
"3652","41.73","1"
"3751","1720.10","1"
"3780","282.07","1"
"3799","354.13","1"
"3817","2280.07","1"
"3852","10.00","1"
"3856","497.17","1"
"3916","123.13","1"
"3943","327.63","1"
"3982","0.10","1"
"3984","60.67","1"
"3987","1.80","1"
"4011","109.97","1"
"4019","115.00","1"
"4035","52.57","1"
"4055","442.50","1"
"4059","327.07","1"
"4078","1.80","1"
"4080","1626.97","1"
"4162","32.33","1"
"4176","74.33","1"
"4186","83.63","1"
"4194","60.47","1"
"4266","242.20","1"
"4303","24.57","1"
"4320","67.43","1"
"4336","1446.90","1"
"4337","20.93","1"
"4371","127.13","1"
"4376","82.07","1"
"4384","0.17","1"
"4392","227.47","1"
"4404","370.70","1"
"4435","2.73","1"
"4537","610.57","1"
"4558","326.83","1"
"4577","0.23","1"
"4595","1618.90","1"
"4629","468.97","1"
"4640","585.97","1"
"4698","36.67","1"
"4723","1193.47","1"
"4739","5009.03","1"
"4778","73.90","1"
"4784","593.20","1"
"4795","25.63","1"
"4829","275.37","1"
"4872","485.03","1"
"4874","4825.10","1"
"4884","66.53","1"
"4908","184.87","1"
"5010","1235.87","1"
"5018","63.00","1"
"5064","839.33","1"
"5076","11.17","1"
"5080","1103.00","1"
"5109","7.43","1"
"5111","69.70","1"
"5143","86.80","1"
"5212","390.53","1"
"5321","3933.30","1"
"5323","335.77","1"
"5340","449.40","1"
"5389","93.00","1"
"5427","25.87","1"
"5515","13.97","1"
"5579","4.17","1"
"5583","1895.83","1"
"5603","8.60","1"
"5774","498.43","1"
"5827","1906.47","1"
"5836","1287.07","1"
"5884","198.57","1"
"6011","27.70","1"
"6053","1972.27","1"
"6070","11.57","1"
"6096","42.20","1"
"6159","506.30","1"
"6164","369.67","1"
"6165","90.40","1"
"6278","2412.90","1"
"6408","535.30","1"
"6448","362.40","1"
"6479","730.40","1"
"6505","88.07","1"
"6559","922.63","1"
"6560","0.93","1"
"6589","352.03","1"
"6618","246.43","1"
"6787","630.30","1"
"6805","90.53","1"
"6819","56.27","1"
"6862","449.03","1"
"6885","1019.60","1"
"6890","124.60","1"
"6899","27.70","1"
"6930","85.83","1"
"6950","1758.10","1"
"6971","89.70","1"
"7008","2.77","1"
"7013","11.77","1"
"7037","4.40","1"
"7069","35.80","1"
"7086","500.00","1"
"7163","1075.07","1"
"7178","40.50","1"
"7179","9.53","1"
"7224","157.27","1"
"7244","38.43","1"
"7294","42.40","1"
"7358","18.60","1"
"7382","99.23","1"
"7412","122.40","1"
"7421","83.77","1"
"7439","4262.83","1"
"7474","5.43","1"
"7475","192.43","1"
"7495","114.30","1"
"7524","73.03","1"
"7540","650.10","1"
"7548","86.37","1"
"7612","14.83","1"
"7620","82.83","1"
"7649","14.23","1"
"7790","2.77","1"
"7873","374.13","1"
"7955","268.97","1"
"7975","1013.93","1"
"8018","865.07","1"
"8030","52.07","1"
"8059","228.20","1"
"8095","159.30","1"
"8133","328.83","1"
"8156","17.83","1"
"8223","24.43","1"
"8412","89.47","1"
"8425","15.73","1"
"8431","622.77","1"
"8452","129.10","1"
"8495","625.03","1"
"8544","705.30","1"
"8594","2900.90","1"
"8600","36.93","1"
"8641","170.80","1"
"8754","498.73","1"
"8840","834.27","1"
"8954","14.77","1"
"9098","9.23","1"
"9107","992.03","1"
"9108","4.33","1"
"9178","537.20","1"
"9188","23.87","1"
"9305","349.47","1"
"9372","603.83","1"
"9409","1583.20","1"
"9754","1369.60","1"
"9808","294.23","1"
"10051","526.07","1"
"10131","152.30","1"
"10299","419.97","1"
"10422","1743.97","1"
"10685","149.73","1"
"10690","167.53","1"
"10938","14.53","1"
"11124","101.53","1"
"11215","82.97","1"
"11250","88.07","1"
"11325","20.83","1"
"11345","81.93","1"
"11353","2191.80","1"
"11402","0.23","1"
"11680","48.30","1"
"11709","450.30","1"
"11711","39.70","1"
"11717","35.33","1"
"11793","20.97","1"
"11800","65.23","1"
"11808","72.83","1"
"11996","0.20","1"
"12279","401.83","1"
"12284","846.00","1"
"12330","143.10","1"
"12530","9.10","1"
"12532","963.80","1"
"12704","25.17","1"
"12807","91.20","1"
"12816","63.43","1"
"12915","35.23","1"
"13114","37.00","1"
"13180","214.87","1"
"13296","266.47","1"
"13538","280.43","1"
"13620","287.73","1"
"13707","182.67","1"
"14217","1.53","1"
"14382","102.40","1"
"14383","104.37","1"
"14463","23.10","1"
"14633","5.73","1"
"14649","102.13","1"
"14700","2650.83","1"
"14765","2.73","1"
"14905","134.67","1"
"14967","0.83","1"
"15334","39.80","1"
"15345","0.10","1"
"15478","124.13","1"
"15743","174.27","1"
"15772","2220.37","1"
"15805","323.60","1"
"16052","117.30","1"
"16054","33.23","1"
"16414","110.67","1"
"16601","2240.83","1"
"16668","1071.33","1"
"16796","92.70","1"
"16832","21.43","1"
"16833","810.53","1"
"16915","0.23","1"
"16979","1071.37","1"
"17317","2.00","1"
"17342","883.93","1"
"17378","425.83","1"
"17419","1405.27","1"
"17613","447.67","1"
"17859","32.20","1"
"17987","9.33","1"
"18314","4.20","1"
"19124","2732.83","1"
"20710","4444.10","1"
"21229","276.23","1"
"21449","337.23","1"
"21464","154.67","1"
"22083","299.67","1"
"22980","124.43","1"
"23403","4.13","1"
"23727","490.23","1"
"23781","82.73","1"
"24006","55.27","1"
"24423","472.10","1"
"24664","64.70","1"
"24701","133.70","1"
"24924","107.23","1"
"24965","0.63","1"
"25047","590.87","1"
"25507","120.23","1"
"25521","11.63","1"
"26661","1267.07","1"
"27104","375.33","1"
"29758","1385.67","1"
"29960","240.07","1"
"30206","966.20","1"
"30273","267.30","1"
"30872","2003.93","1"
"32560","10.40","1"
"32973","2.37","1"
"33495","65.93","1"
"34121","901.33","1"
"34172","183.10","1"
"34533","63.53","1"
"35284","475.67","1"
"37017","5.20","1"
"37860","1505.10","1"
"37901","30.80","1"
"38359","2943.30","1"
"38457","3.97","1"
"39563","1198.43","1"
"40307","73.83","1"
"40867","239.40","1"
"41336","1984.30","1"
"42751","110.97","1"
"43142","258.93","1"
"43191","374.70","1"
"43604","9.93","1"
"43915","344.33","1"
"44965","638.67","1"
"47183","1790.97","1"
"51495","91.37","1"
"51872","167.10","1"
"55811","168.63","1"
"57431","1682.67","1"
"59138","833.27","1"
"59323","1568.13","1"
"59568","353.13","1"
"62735","65.60","1"
"63369","116.13","1"
"64522","107.30","1"
"71716","201.13","1"
"74005","366.60","1"
"74498","327.70","1"
"75080","13.23","1"
"77591","96.37","1"
"78822","5.33","1"
"82986","283.87","1"
"88122","86.43","1"
"89036","120.60","1"
"92449","26.77","1"
"93270","212.80","1"
"96731","3.03","1"
"97530","221.03","1"
"97931","3545.83","1"
"101982","8.40","1"
"103625","26.50","1"
"103808","112.30","1"
"106235","115.37","1"
"107588","337.27","1"
"115019","1276.30","1"
"115084","2.27","1"
"117782","0.20","1"
"118426","0.57","1"
"136313","2.40","1"
"137389","1608.10","1"
"137920","166.90","1"
"138534","105.23","1"
"138559","44.57","1"
"140223","34.53","1"
"141316","44.90","1"
"142814","324.63","1"
"142856","422.20","1"
"142965","24.97","1"
"143026","81.20","1"
"143148","81.53","1"
"143214","129.53","1"
"143216","288.20","1"
"143392","54.03","1"
"143407","77.03","1"
"143454","18.83","1"
"143561","3534.73","1"
"143599","74.53","1"
"143637","217.70","1"
"143701","1294.90","1"
"143709","2924.43","1"
"143785","86.80","1"
"143799","9.73","1"
"144023","1573.13","1"
"144151","1229.00","1"
"144164","821.80","1"
"144179","9363.67","1"
"144239","193.33","1"
"144273","20.23","1"
"144348","947.00","1"
"144378","125.73","1"
"144390","1.83","1"
"144397","2410.27","1"
"144426","10.47","1"
"144467","11.63","1"
"144498","254.17","1"
"144561","73.30","1"
"144599","9.13","1"
"144627","151.30","1"
"144682","452.30","1"
"144788","2164.13","1"
"144869","356.90","1"
"144900","150.13","1"
"144912","129.00","1"
"145013","850.53","1"
"145177","1836.33","1"
"145310","72.87","1"
"145313","133.43","1"
"145484","277.17","1"
"145488","0.10","1"
"145561","352.67","1"
"145569","6.97","1"
"145681","2010.47","1"
"145713","962.77","1"
"145783","23.87","1"
"145793","309.93","1"
"145813","170.80","1"
"145873","128.27","1"
"145905","98.93","1"
"145944","73.40","1"
"146030","302.53","1"
"146149","1133.13","1"
"146255","153.17","1"
"146401","150.97","1"
"146427","101.40","1"
"146551","67.20","1"
"146625","18.20","1"
"146801","0.80","1"
"146855","732.97","1"
"146888","26.27","1"
"146948","9.53","1"
"146957","166.07","1"
"146977","55.73","1"
"146990","23.63","1"
"147005","524.70","1"
"147044","8.40","1"
"147048","52.60","1"
"147061","154.50","1"
"147076","155.13","1"
"147130","265.07","1"
"147132","715.83","1"
"147142","71.93","1"
"147143","250.17","1"
"147146","246.43","1"
"147200","84.13","1"
"147231","220.00","1"
"147291","8.90","1"
"147444","25.63","1"
"147446","104.90","1"
"147448","223.03","1"
"147473","58.67","1"
"147542","249.67","1"
"147618","366.73","1"
"147638","421.83","1"
"147672","2428.60","1"
"147687","2108.27","1"
"147802","76.00","1"
"147878","5876.13","1"
"147884","27.60","1"
"147906","30.90","1"
"147956","4577.97","1"
"147992","5.90","1"
"147993","1089.33","1"
"148060","85.33","1"
"148109","14.97","1"
"148133","1.90","1"
"148222","227.90","1"
"148257","28.97","1"
"148346","420.90","1"
"148372","139.30","1"
"148467","285.23","1"
"148577","45.33","1"
"148628","482.57","1"
"148643","195.63","1"
"148670","31.40","1"
"148755","420.20","1"
"148817","8.33","1"
"148825","2201.43","1"
"148849","61.63","1"
"148886","370.77","1"
"148901","58.90","1"
"148927","220.17","1"
"148939","1322.63","1"
"148996","43.33","1"
"149023","29.83","1"
"149038","12.73","1"
"149042","877.00","1"
"149131","24.27","1"
"149195","2949.73","1"
"149241","1181.87","1"
"149323","345.43","1"
"149361","4.00","1"
"149366","14.67","1"
"149547","71.17","1"
"149554","2.37","1"
"149576","8988.83","1"
"149584","5.23","1"
"149591","15.23","1"
"149601","222.93","1"
"149652","1289.33","1"
"149787","327.63","1"
"149790","204.20","1"
"149812","0.47","1"
"149849","267.17","1"
"149883","447.03","1"
"149892","3.67","1"
"149960","95.77","1"
"150090","1178.10","1"
"150265","1112.43","1"
"150663","442.57","1"
"150745","880.33","1"
"150823","69.70","1"
"150906","320.93","1"
"150949","4126.20","1"
"151021","128.93","1"
"151313","140.93","1"
"151366","39.33","1"
"151404","101.63","1"
"151418","71.53","1"
"151663","63.13","1"
"151694","1726.13","1"
"151759","15.63","1"
"151849","1081.10","1"
"151861","9.00","1"
"151892","192.73","1"
"152109","782.77","1"
"152138","294.47","1"
"152140","61.50","1"
"152174","46.13","1"
"152188","87.70","1"
"152223","236.47","1"
"152241","282.97","1"
"152267","0.13","1"
"152285","25.67","1"
"152472","4.30","1"
"152611","244.27","1"
"152692","324.20","1"
"152825","0.63","1"
"152896","1158.03","1"
"152970","458.23","1"
"153036","111.23","1"
"153103","944.50","1"
"153235","846.30","1"
"153351","340.60","1"
"153726","68.43","1"
"153741","422.43","1"
"153745","173.40","1"
"153765","2043.27","1"
"153895","0.10","1"
"153897","40.00","1"
"153930","4.67","1"
"153938","191.07","1"
"153953","453.00","1"
"154092","1201.67","1"
"154143","34.93","1"
"154291","719.97","1"
"154358","449.47","1"
"154378","141.10","1"
"154458","3.80","1"
"154509","26.50","1"
"154556","63.57","1"
"154674","1157.67","1"
"155280","161.50","1"
"155427","268.67","1"
"155444","814.00","1"
"155628","869.90","1"
"155640","1596.90","1"
"155741","83.27","1"
"155805","298.77","1"
"155900","67.87","1"
"155924","248.00","1"
"156042","0.90","1"
"156057","249.20","1"
"156099","11.37","1"
"156132","41.73","1"
"156159","57.83","1"
"156182","1409.03","1"
"156183","1625.87","1"
"156184","27.23","1"
"156206","3476.57","1"
"156240","2930.37","1"
"156241","47.93","1"
"156276","764.70","1"
"156293","339.60","1"
"156296","308.00","1"
"156342","155.00","1"
"156343","103.73","1"
"156344","340.87","1"
"156356","64.80","1"
"156388","65.00","1"
"156391","73.20","1"
"156399","17.23","1"
"156407","2352.77","1"
"156409","1335.97","1"
"156428","235.83","1"
"156429","152.37","1"
"156439","110.60","1"
"156467","3092.03","1"
"156484","233.73","1"
"156498","933.43","1"
"156501","43.07","1"
"156510","167.90","1"
"156521","587.50","1"
"156534","847.83","1"
"156541","242.33","1"
"156542","91.07","1"
"156549","0.73","1"
"156561","1140.33","1"
"156587","434.17","1"
"156608","35.40","1"
"156610","809.57","1"
"156615","55.50","1"
"156645","42.87","1"
"156647","2066.03","1"
"156649","4548.50","1"
"156661","73.63","1"
"156680","38.27","1"
"156693","670.73","1"
"156694","11.60","1"
"156696","25.57","1"
"156702","20.67","1"
"156703","23.97","1"
"156728","186.83","1"
"156760","0.40","1"
"156767","300.13","1"
"156770","437.77","1"
"156774","0.60","1"
"156776","3116.70","1"
"156780","187.07","1"
"156787","118.27","1"
"156831","543.13","1"
"156841","0.27","1"
"156845","1009.93","1"
"156887","199.57","1"
"156894","45.80","1"
"156941","42.57","1"
"156996","41.23","1"
"157171","87.67","1"
"157198","4403.70","1"
"157218","14.20","1"
"157277","1392.63","1"
"157285","330.50","1"
"157360","567.63","1"
"157476","295.70","1"
"157594","497.73","1"
"157698","551.77","1"
"157853","9.13","1"
"157882","109.67","1"
"157934","48.13","1"
"157976","851.93","1"
"157992","1832.53","1"
"158034","726.50","1"
"158038","101.53","1"
"158049","833.43","1"
"158104","0.43","1"
"158108","787.27","1"
"158129","113.23","1"
"158179","885.13","1"
"158205","67.17","1"
"158250","81.53","1"
"158336","757.53","1"
"158529","658.60","1"
"158646","21.37","1"
"158659","169.73","1"
"158724","2863.13","1"
"158990","93.37","1"
"159022","223.37","1"
"159057","68.67","1"
"159060","353.03","1"
"159071","44.47","1"
"159101","95.23","1"
"159105","34.17","1"
"159172","10.87","1"
"159175","497.87","1"
"159186","2843.10","1"
"159336","1002.47","1"
"159353","292.33","1"
"159370","12929.63","1"
"159457","1835.63","1"
"159548","1139.73","1"
"159590","92.90","1"
"159621","335.33","1"
"159873","2694.47","1"
"159875","65.37","1"
"159904","23.37","1"
"159987","481.93","1"
"160032","533.93","1"
"160051","30.87","1"
"160419","6.97","1"
"160452","1.00","1"
"160462","150.30","1"
"160493","6.37","1"
"160524","151.60","1"
"160528","1428.03","1"
"160536","44.40","1"
"160562","13.33","1"
"160595","1350.10","1"
"160610","632.53","1"
"160677","147.60","1"
"160705","70.87","1"
"160816","264.60","1"
"160960","2232.03","1"
"161002","57.97","1"
"161060","643.40","1"
"161070","192.40","1"
"161108","39.03","1"
"161132","46.33","1"
"161173","639.80","1"
"161200","22.23","1"
"161209","47.83","1"
"161210","1610.90","1"
"161227","167.80","1"
"161241","53.83","1"
"161271","556.53","1"
"161288","732.77","1"
"161338","420.23","1"
"161380","5760.17","1"
"161395","38.87","1"
"161397","33.67","1"
"161426","479.60","1"
"161474","80.53","1"
"161475","744.53","1"
"161480","7.37","1"
"161483","81.00","1"
"161485","366.67","1"
"161496","1376.10","1"
"161515","68.90","1"
"161524","319.00","1"
"161527","49.53","1"
"161537","182.10","1"
"161539","0.33","1"
"161572","548.63","1"
"161580","708.60","1"
"161626","466.60","1"
"161632","6.77","1"
"161640","1198.87","1"
"161650","24.47","1"
"161693","716.83","1"
"161703","461.07","1"
"161716","2087.93","1"
"161785","101.77","1"
"161844","1407.20","1"
"161870","351.83","1"
"161887","375.97","1"
"161899","1168.97","1"
"161900","845.97","1"
"161935","0.13","1"
"162077","870.87","1"
"162284","504.43","1"
"162406","167.97","1"
"162497","2534.77","1"
"162502","84.00","1"
"162669","28.80","1"
"163108","140.93","1"
"163144","41.90","1"
"163241","199.57","1"
"163248","77.93","1"
"163452","39.47","1"
"163473","696.60","1"
"163676","8487.87","1"
"163786","6.00","1"
"163883","21.53","1"
"163884","53.20","1"
"163914","130.53","1"
"163918","27.63","1"
"164222","739.90","1"
"164280","17.40","1"
"164310","324.03","1"
"164348","47.37","1"
"164356","0.27","1"
"164430","123.20","1"
"164442","1131.93","1"
"164455","10.63","1"
"164496","0.10","1"
"164701","65.80","1"
"164796","41.33","1"
"164904","31.23","1"
"164997","10.30","1"
"165014","55.67","1"
"165026","869.07","1"
"165187","90.43","1"
"165285","3166.70","1"
"165364","5.67","1"
"165374","493.97","1"
"165433","391.80","1"
"165480","683.70","1"
"165557","69.17","1"
"165950","17.30","1"
"165954","182.03","1"
"166070","1687.00","1"
"166121","0.17","1"
"166145","1066.50","1"
"166217","27.43","1"
"166380","1419.87","1"
"166461","36.93","1"
"166509","101.60","1"
"166626","34.63","1"
"166652","77.67","1"
"166734","740.77","1"
"166842","173.60","1"
"166907","333.53","1"
"167073","20.90","1"
"167091","24.23","1"
"167295","844.97","1"
"167412","112.70","1"
"167551","80.20","1"
"167554","7.10","1"
"167602","1.87","1"
"167964","2573.33","1"
"168223","151.70","1"
"168253","3.43","1"
"168777","125.17","1"
"169966","938.90","1"
"170014","68.33","1"
"170034","301.33","1"
"170381","325.23","1"
"170493","2157.93","1"
"170586","2747.77","1"
"170706","3.50","1"
"170845","23.27","1"
"170879","2525.73","1"
"170905","352.63","1"
"170915","60.57","1"
"170942","46.13","1"
"170962","251.63","1"
"170997","425.13","1"
"171001","11.57","1"
"171006","242.47","1"
"171011","349.27","1"
"171032","1072.40","1"
"171057","605.40","1"
"171151","65.67","1"
"171176","6.80","1"
"171187","28.03","1"
"171210","101.07","1"
"171232","228.10","1"
"171243","52.60","1"
"171263","0.90","1"
"171275","9.47","1"
"171292","8.33","1"
"171296","16.13","1"
"171302","27.10","1"
"171313","2899.40","1"
"171339","1070.57","1"
"171342","750.50","1"
"171349","598.70","1"
"171350","10.70","1"
"171402","0.83","1"
"171405","93.97","1"
"171407","74.40","1"
"171411","47.97","1"
"171425","30.50","1"
"171439","59.53","1"
"171448","700.13","1"
"171476","36.43","1"
"171479","448.73","1"
"171519","871.63","1"
"171523","1360.17","1"
"171536","14.27","1"
"171560","108.83","1"
"171585","99.13","1"
"171586","177.37","1"
"171609","184.67","1"
"171613","171.07","1"
"171645","31.63","1"
"171693","1067.97","1"
"171738","1544.53","1"
"171827","568.03","1"
"171832","19.33","1"
"171898","358.00","1"
"171900","6896.43","1"
"171922","1.67","1"
"171942","3091.10","1"
"172092","1.60","1"
"172126","0.87","1"
"172127","1469.13","1"
"172160","65.37","1"
"172174","233.90","1"
"172187","144.40","1"
"172218","308.77","1"
"172219","58.50","1"
"172256","31.97","1"
"172289","776.80","1"
"172349","130.30","1"
"172357","695.07","1"
"172397","78.90","1"
"172424","553.77","1"
"172427","14.57","1"
"172441","4318.60","1"
"172443","103.07","1"
"172535","1208.53","1"
"172619","2342.70","1"
"172692","45.67","1"
"172701","210.03","1"
"172782","412.47","1"
"172792","859.30","1"
"172793","1752.33","1"
"172814","1125.57","1"
"172823","129.43","1"
"172948","5.67","1"
"172962","155.80","1"
"172986","154.60","1"
"173018","111.27","1"
"173060","21.17","1"
"173105","684.20","1"
"173236","56.27","1"
"173313","1738.00","1"
"174213","89.73","1"
"174650","30.43","1"
"174738","124.90","1"
"174840","249.43","1"
"175038","1957.57","1"
"175077","144.77","1"
"175440","1577.83","1"
"175629","104.03","1"
"175723","1.33","1"
"175768","38.50","1"
"175955","113.10","1"
"175975","203.47","1"
"175978","251.37","1"
"176012","445.67","1"
"176090","5559.97","1"
"176192","106.93","1"
"176209","22.07","1"
"176391","811.07","1"
"176531","1312.47","1"
"176577","156.20","1"
"176858","17.63","1"
"176870","170.27","1"
"177134","43.60","1"
"177554","82.37","1"
"177665","30.33","1"
"177791","141.67","1"
"177842","182.03","1"
"178111","31.73","1"
"178303","93.90","1"
"178487","24.70","1"
"178655","545.73","1"
"178994","40.37","1"
"179007","414.40","1"
"179103","34.27","1"
"179118","236.27","1"
"179127","598.33","1"
"179203","4511.83","1"
"179264","146.87","1"
"179463","7.87","1"
"179776","132.50","1"
"180122","223.00","1"
"180153","1685.53","1"
"180277","83.80","1"
"180282","145.17","1"
"180668","255.07","1"
"180719","308.37","1"
"181002","25.30","1"
"181083","451.43","1"
"181219","2622.20","1"
"181404","48.80","1"
"181501","12.33","1"
"181529","8.27","1"
"181545","128.37","1"
"181620","2398.27","1"
"181800","724.23","1"
"181805","556.63","1"
"181809","140.90","1"
"182149","135.67","1"
"182248","613.17","1"
"182356","699.23","1"
"182377","105.93","1"
"182398","228.63","1"
"182414","76.03","1"
"182533","1418.50","1"
"182636","350.80","1"
"182728","9858.67","1"
"182765","230.07","1"
"182808","730.13","1"
"182880","984.87","1"
"182897","403.47","1"
"182919","30.83","1"
"182962","1011.57","1"
"183092","202.63","1"
"183189","266.20","1"
"183370","9.00","1"
"183419","905.97","1"
"183819","459.53","1"
"183925","161.87","1"
"183930","37.33","1"
"183978","4020.87","1"
"184136","186.00","1"
"184481","99.13","1"
"184631","233.30","1"
"184717","520.57","1"
"184826","1025.97","1"
"185009","6.13","1"
"185019","5.17","1"
"185208","2038.67","1"
"185359","0.63","1"
"185462","301.40","1"
"185764","661.57","1"
"185766","17.53","1"
"185848","1988.63","1"
"185851","5570.83","1"
"186375","4.90","1"
"187084","150.00","1"
"187392","373.23","1"
"187632","137.67","1"
"187639","37.67","1"
"187880","311.00","1"
"188507","451.53","1"
"188691","275.40","1"
"188716","639.53","1"
"189977","290.83","1"
"190394","178.60","1"
"190596","164.60","1"
"190610","625.67","1"
"190625","2062.03","1"
"190803","1957.03","1"
"190825","1262.20","1"
"191038","420.17","1"
"192269","393.87","1"
"192293","930.00","1"
"192420","902.27","1"
"193484","156.83","1"
"193509","62.07","1"
"193565","93.93","1"
"193998","25.07","1"
"194507","2632.10","1"
"194528","138.10","1"
"195067","307.93","1"
"195307","648.63","1"
"195309","42.83","1"
"195506","38.33","1"
"195508","5647.53","1"
"196040","61.03","1"
"196154","134.03","1"
"196268","648.23","1"
"196357","681.03","1"
"196538","1344.30","1"
"196656","8.10","1"
"196681","1086.17","1"
"196809","1530.73","1"
"197196","325.80","1"
"197346","27.47","1"
"197505","1438.87","1"
"198179","1140.60","1"
"198240","5.50","1"
"198300","71.77","1"
"198342","340.60","1"
"198868","6.27","1"
"198958","258.57","1"
"199192","1145.83","1"
"199750","42.60","1"
"200231","1813.73","1"
"200261","35.17","1"
"200337","118.17","1"
"201159","953.37","1"
"201214","34.83","1"
"201470","24.73","1"
"201975","57.90","1"
"203177","69.00","1"
"203950","31.07","1"
"204116","1428.50","1"
"204419","1628.23","1"
"204773","783.60","1"
"205303","33.73","1"
"205950","1805.47","1"
"206242","495.57","1"
"207203","0.57","1"
"207270","180.60","1"
"207559","132.50","1"
"208108","281.67","1"
"208381","49.17","1"
"208412","4.40","1"
"208957","360.70","1"
"208967","756.57","1"
"209256","1211.47","1"
"209958","313.43","1"
"210318","536.03","1"
"210367","266.30","1"
"210409","247.03","1"
"210670","569.53","1"
"211139","966.70","1"
"211222","50.77","1"
"211603","1091.93","1"
"212436","0.13","1"
"212444","32.83","1"
"212463","6868.83","1"
"212936","247.57","1"
"212968","517.20","1"
"213109","563.90","1"
"213312","458.00","1"
"213379","321.53","1"
"213528","348.67","1"
"213802","364.93","1"
"214202","1021.60","1"
"214254","187.43","1"
"214434","1.67","1"
"214569","195.63","1"
"214994","173.90","1"
"215160","777.97","1"
"215310","57.10","1"
"215377","159.93","1"
"215608","1144.20","1"
"215796","93.67","1"
"215869","5.00","1"
"216394","4172.00","1"
"216409","311.23","1"
"216478","583.97","1"
"216694","121.23","1"
"216760","2.13","1"
"217155","2314.30","1"
"217601","699.57","1"
"217758","38.93","1"
"217852","616.43","1"
"217976","161.27","1"
"218026","9.00","1"
"218045","44.77","1"
"218048","5868.77","1"
"218237","809.43","1"
"218699","747.07","1"
"218862","13.17","1"
"219004","127.37","1"
"219446","51.23","1"
"219488","2798.33","1"
"219514","28.53","1"
"219561","1205.77","1"
"220799","82.83","1"
"221116","309.73","1"
"221481","222.63","1"
"221756","147.53","1"
"222007","118.77","1"
"222899","2.30","1"
"222991","3865.43","1"
"223034","304.43","1"
"223510","66.00","1"
"223701","8.13","1"
"223933","1904.47","1"
"224276","86.50","1"
"224426","138.60","1"
"224777","77.70","1"
"225103","88.57","1"
"225216","775.90","1"
"225305","23.93","1"
"225335","56.80","1"
"225377","12.57","1"
"225394","683.60","1"
"225736","99.47","1"
"225771","51.90","1"
"225789","885.13","1"
"225936","0.13","1"
"225955","726.73","1"
"225990","13.60","1"
"226169","1605.50","1"
"226465","0.40","1"
"226611","125.73","1"
"226653","66.57","1"
"226734","63.70","1"
"226945","81.83","1"
"227387","1176.17","1"
"227536","80.97","1"
"227645","67.07","1"
"227678","1545.80","1"
"227711","2059.77","1"
"227760","414.00","1"
"227874","791.73","1"
"228222","18.40","1"
"228262","891.20","1"
"228416","32.57","1"
"228445","18.53","1"
"228557","269.13","1"
"228646","44.43","1"
"228826","441.10","1"
"228952","148.27","1"
"229073","17.80","1"
"229525","2174.50","1"
"229699","777.30","1"
"230140","1217.80","1"
"230151","1766.40","1"
"230179","9.17","1"
"230273","289.83","1"
"230326","1057.23","1"
"230336","42.33","1"
"231080","587.73","1"
"231588","890.80","1"
"232006","4.90","1"
"232131","1190.17","1"
"232898","939.13","1"
"232908","245.67","1"
"233060","57.53","1"
"233090","39.10","1"
"233160","853.20","1"
"233322","74.27","1"
"233619","3047.20","1"
"233857","49.23","1"
"233908","70.40","1"
"233911","34.40","1"
"234155","451.07","1"
"234364","100.97","1"
"234596","1547.53","1"
"234600","170.40","1"
"234748","561.87","1"
"234971","4.80","1"
"235023","69.43","1"
"235034","168.60","1"
"235095","3133.00","1"
"235155","71.47","1"
"235168","793.43","1"
"235192","2102.50","1"
"235274","691.00","1"
"235442","240.00","1"
"235486","58.53","1"
"235548","883.67","1"
"235620","32.87","1"
"235677","86.50","1"
"235692","425.23","1"
"235735","1068.30","1"
"235863","571.50","1"
"235980","239.60","1"
"235996","741.07","1"
"236349","0.80","1"
"236361","913.40","1"
"236417","309.80","1"
"236455","292.33","1"
"236583","100.70","1"
"236628","1713.80","1"
"236784","199.57","1"
"236797","1256.20","1"
"236968","534.63","1"
"237063","6.70","1"
"237081","961.00","1"
"237186","54.73","1"
"237385","19.50","1"
"238014","75.90","1"
"238018","103.10","1"
"238234","51.90","1"
"238267","941.53","1"
"238315","1090.50","1"
"238593","8.47","1"
"238800","733.33","1"
"238813","7.77","1"
"238848","3849.87","1"
"238879","104.73","1"
"238987","1141.13","1"
"239003","574.73","1"
"239289","25.07","1"
"239552","80.87","1"
"239554","106.57","1"
"239645","291.60","1"
"239647","34.60","1"
"239765","106.30","1"
"239932","84.00","1"
"240248","887.93","1"
"240294","241.27","1"
"240444","0.83","1"
"240446","1452.67","1"
"240583","15.13","1"
"240610","134.83","1"
"240763","26.77","1"
"240822","56.00","1"
"240987","506.07","1"
"241008","247.17","1"
"241036","291.57","1"
"241407","4.73","1"
"241632","1955.33","1"
"242205","1103.83","1"
"242229","223.27","1"
"242308","77.20","1"
"242454","1683.73","1"
"242790","104.93","1"
"242856","20.27","1"
"242876","14.50","1"
"243273","103.33","1"
"243618","576.40","1"
"243827","28.03","1"
"243847","1056.33","1"
"243941","2206.00","1"
"243951","10.67","1"
"244031","738.03","1"
"244048","1506.87","1"
"244058","98.90","1"
"244342","401.80","1"
"244504","183.17","1"
"244586","203.93","1"
"244886","1113.43","1"
"244937","74.43","1"
"245078","111.30","1"
"245707","1.70","1"
"245804","382.77","1"
"245829","236.77","1"
"246014","46.17","1"
"246109","91.40","1"
"246119","32.07","1"
"246267","7423.33","1"
"246415","0.43","1"
"246846","22.63","1"
"246945","0.10","1"
"247102","96.23","1"
"247618","1162.00","1"
"247676","198.00","1"
"247713","869.17","1"
"247869","0.67","1"
"247871","163.30","1"
"248036","709.50","1"
"248154","84.77","1"
"248305","1116.17","1"
"248414","854.07","1"
"248535","220.40","1"
"248675","18.93","1"
"248806","9.50","1"
"248879","24.50","1"
"248992","206.63","1"
"249195","269.17","1"
"249243","6.07","1"
"249247","161.50","1"
"249258","0.57","1"
"249318","287.63","1"
"249481","20.90","1"
"249494","123.47","1"
"249503","2856.40","1"
"249600","14.10","1"
"250115","705.77","1"
"250255","48.60","1"
"250351","307.70","1"
"250386","151.67","1"
"250388","242.13","1"
"250466","0.43","1"
"250609","14.77","1"
"250629","152.33","1"
"250694","979.47","1"
"250924","396.33","1"
"251217","716.80","1"
"251293","674.63","1"
"251329","829.50","1"
"251499","3.53","1"
"251554","79.73","1"
"251612","501.13","1"
"251728","16.10","1"
"251774","1008.73","1"
"252008","1854.37","1"
"252053","3.83","1"
"252073","46.13","1"
"252175","240.60","1"
"252200","79.10","1"
"252339","4521.63","1"
"252678","3164.47","1"
"252812","422.67","1"
"252896","26.97","1"
"253149","20.53","1"
"253157","1.13","1"
"253225","6.57","1"
"253248","17.13","1"
"253264","1796.83","1"
"253303","39.27","1"
"253338","130.73","1"
"253522","60.27","1"
"253574","2352.27","1"
"253589","191.73","1"
"253682","986.63","1"
"253766","8.43","1"
"253788","99.50","1"
"253823","2179.20","1"
"253827","1937.70","1"
"253829","4459.50","1"
"253843","762.93","1"
"253896","2053.97","1"
"253909","58.93","1"
"253941","143.23","1"
"253948","167.33","1"
"253975","1043.70","1"
"254057","320.20","1"
"254088","521.03","1"
"254092","353.60","1"
"254098","61.50","1"
"254117","273.23","1"
"254123","1.87","1"
"254127","1830.47","1"
"254129","885.57","1"
"254136","113.70","1"
"254152","474.43","1"
"254170","498.40","1"
"254199","1494.93","1"
"254227","33.90","1"
"254247","140.13","1"
"254261","0.90","1"
"254289","110.20","1"
"254301","63.93","1"
"254310","2635.70","1"
"254329","379.47","1"
"254331","149.10","1"
"254353","108.73","1"
"254372","71.30","1"
"254378","548.83","1"
"254389","76.37","1"
"254397","43.17","1"
"254428","111.10","1"
"254432","9.10","1"
"254450","60.03","1"
"254459","89.93","1"
"254465","430.33","1"
"254466","261.17","1"
"254467","989.93","1"
"254469","184.83","1"
"254478","239.17","1"
"254479","72.20","1"
"254501","689.10","1"
"254505","97.47","1"
"254526","65.37","1"
"254527","85.70","1"
"254529","15.40","1"
"254541","13.17","1"
"254550","11.43","1"
"254553","2297.93","1"
"254558","1515.07","1"
"254569","79.33","1"
"254571","465.27","1"
"254596","185.90","1"
"254601","773.10","1"
"254603","121.80","1"
"254613","0.13","1"
"254635","76.47","1"
"254651","0.20","1"
"254653","743.40","1"
"254658","0.50","1"
"254672","3.33","1"
"254681","36.93","1"
"254693","2132.57","1"
"254697","2385.97","1"
"254713","3671.07","1"
"254725","588.07","1"
"254731","193.73","1"
"254737","109.33","1"
"254744","166.33","1"
"254759","673.20","1"
"254761","73.33","1"
"254775","163.03","1"
"254776","565.37","1"
"254777","3.03","1"
"254791","329.33","1"
"254795","1.40","1"
"254796","131.83","1"
"254798","88.07","1"
"254799","160.87","1"
"254810","2.50","1"
"254813","1203.30","1"
"254832","0.10","1"
"254839","4.10","1"
"254842","169.43","1"
"254852","3.00","1"
"254854","96.47","1"
"254855","161.00","1"
"254858","515.00","1"
"254860","579.40","1"
"254868","194.23","1"
"254869","279.83","1"
"254872","97.77","1"
"254874","0.40","1"
"254878","15.17","1"
"254882","22.93","1"
"254886","19.20","1"
"254913","62.73","1"
"254914","2040.20","1"
"254919","67.10","1"
"254929","1667.67","1"
"254931","479.70","1"
"254935","25.40","1"
"254941","272.97","1"
"254953","1499.60","1"
"254958","1025.43","1"
"254971","35.23","1"
"254972","347.13","1"
"254974","1033.63","1"
"254976","8.27","1"
"254978","414.37","1"
"254983","259.27","1"
"254985","3.97","1"
"255000","223.20","1"
"255012","316.03","1"
"255016","715.53","1"
"255017","25.67","1"
"255031","5.87","1"
"255033","296.10","1"
"255038","2.17","1"
"255044","139.63","1"
"255047","24.13","1"
"255058","1463.47","1"
"255059","791.70","1"
"255062","89.07","1"
"255076","0.87","1"
"255091","96.17","1"
"255128","977.90","1"
"255148","81.97","1"
"255153","116.43","1"
"255169","734.50","1"
"255186","809.07","1"
"255187","106.67","1"
"255189","0.50","1"
"255204","9.37","1"
"255206","39.33","1"
"255207","315.40","1"
"255220","2193.27","1"
"255232","361.53","1"
"255241","535.40","1"
"255257","488.10","1"
"255267","238.73","1"
"255269","559.10","1"
"255271","444.17","1"
"255272","72.43","1"
"255275","1447.10","1"
"255277","84.37","1"
"255282","1315.60","1"
"255296","1179.10","1"
"255306","336.83","1"
"255315","2.53","1"
"255332","13.53","1"
"255333","5.67","1"
"255335","223.17","1"
"255341","100.03","1"
"255342","39.37","1"
"255343","130.33","1"
"255353","193.50","1"
"255366","526.90","1"
"255372","237.13","1"
"255391","465.03","1"
"255396","1186.67","1"
"255405","6.67","1"
"255449","277.07","1"
"255486","565.03","1"
"255488","386.67","1"
"255529","3.83","1"
"255534","236.67","1"
"255563","779.20","1"
"255589","9.43","1"
"255668","1467.27","1"
"255765","329.60","1"
"255827","2108.70","1"
"255912","85.77","1"
"255924","31.90","1"
"256265","370.30","1"
"256313","451.10","1"
"256405","180.00","1"
"256422","108.83","1"
"256432","1099.10","1"
"256443","346.13","1"
"256448","4147.73","1"
"256484","68.77","1"
"256670","3057.70","1"
"256703","3828.83","1"
"256753","74.00","1"
"256788","125.90","1"
"256826","76.17","1"
"256834","260.00","1"
"256838","15.40","1"
"256954","568.90","1"
"256969","909.37","1"
"256970","1.40","1"
"257095","1760.10","1"
"257112","531.20","1"
"257130","274.37","1"
"257151","1832.07","1"
"257155","564.60","1"
"257234","845.13","1"
"257236","10.20","1"
"257244","123.50","1"
"257330","16.47","1"
"257384","1260.07","1"
"257415","362.80","1"
"257509","108.63","1"
"257532","134.37","1"
"257609","1325.00","1"
"257651","27.07","1"
"257898","100.87","1"
"257938","8.33","1"
"258044","2191.13","1"
"258137","209.37","1"
"258141","703.63","1"
"258154","2020.17","1"
"258163","109.37","1"
"258223","13.80","1"
"258256","147.27","1"
"258311","264.07","1"
"258320","162.17","1"
"258325","30.63","1"
"258337","1350.90","1"
"258373","2132.43","1"
"258386","415.43","1"
"258463","396.17","1"
"258520","18.13","1"
"258561","390.73","1"
"258581","463.30","1"
"258620","28.53","1"
"258636","1375.53","1"
"258703","95.90","1"
"258743","7.60","1"
"258782","774.77","1"
"258800","133.73","1"
"258803","16.90","1"
"258818","454.87","1"
"258913","960.57","1"
"258916","188.40","1"
"258922","5.73","1"
"258955","187.80","1"
"258956","651.93","1"
"258984","258.20","1"
"259019","0.33","1"
"259026","584.27","1"
"259054","120.77","1"
"259070","0.53","1"
"259106","669.10","1"
"259174","563.00","1"
"259258","177.43","1"
"259262","419.33","1"
"259283","1129.30","1"
"259300","520.00","1"
"259408","3.77","1"
"259429","1014.63","1"
"259483","150.87","1"
"259491","211.37","1"
"259494","227.17","1"
"259504","4103.60","1"
"259506","19.37","1"
"259524","862.30","1"
"259533","441.77","1"
"259549","0.33","1"
"259654","0.53","1"
"259657","1784.97","1"
"259702","66.87","1"
"259767","3994.13","1"
"259777","97.20","1"
"259781","17.53","1"
"259834","0.10","1"
"259860","3190.23","1"
"259870","2800.93","1"
"259884","2238.73","1"
"259952","578.50","1"
"259959","669.80","1"
"259996","1032.47","1"
"260042","3400.63","1"
"260111","251.87","1"
"260126","28.83","1"
"260132","248.77","1"
"260168","1870.53","1"
"260173","2756.13","1"
"260176","59.60","1"
"260181","262.60","1"
"260192","654.50","1"
"260200","864.33","1"
"260321","567.23","1"
"260329","164.10","1"
"260345","2774.30","1"
"260356","241.90","1"
"260465","2456.40","1"
"260486","1.37","1"
"260549","53.37","1"
"260572","853.60","1"
"260578","63.97","1"
"260593","325.33","1"
"260608","1277.80","1"
"260616","2506.17","1"
"260646","58.30","1"
"260649","646.43","1"
"260684","367.97","1"
"260702","5.30","1"
"260707","72.17","1"
"260754","2512.07","1"
"260787","139.27","1"
"260813","1.43","1"
"260815","749.20","1"
"260829","589.43","1"
"260833","236.67","1"
"260861","388.07","1"
"260891","19.47","1"
"260910","1059.67","1"
"260915","93.97","1"
"260916","71.03","1"
"260929","593.63","1"
"260952","570.70","1"
"260954","193.70","1"
"260964","215.07","1"
"260968","165.77","1"
"260971","48.63","1"
"260977","113.37","1"
"260980","1634.03","1"
"260998","3813.00","1"
"261004","260.00","1"
"261019","1439.00","1"
"261059","431.80","1"
"261072","211.83","1"
"261073","851.50","1"
"261085","1.30","1"
"261086","356.57","1"
"261110","0.50","1"
"261121","396.50","1"
"261158","508.97","1"
"261171","1456.17","1"
"261173","4.93","1"
"261189","810.17","1"
"261200","19.50","1"
"261212","2818.87","1"
"261239","979.97","1"
"261241","58.43","1"
"261288","227.90","1"
"261293","455.57","1"
"261323","216.57","1"
"261325","896.77","1"
"261337","1143.33","1"
"261367","244.10","1"
"261374","285.80","1"
"261390","214.93","1"
"261393","825.57","1"
"261408","108.93","1"
"261412","3296.60","1"
"261417","645.57","1"
"261446","757.80","1"
"261452","65.40","1"
"261466","3242.73","1"
"261483","39.70","1"
"261490","193.13","1"
"261491","81.70","1"
"261495","60.60","1"
"261510","340.70","1"
"261515","14.27","1"
"261519","295.63","1"
"261522","402.90","1"
"261550","1272.97","1"
"261552","246.03","1"
"261554","257.47","1"
"261565","119.40","1"
"261567","32.47","1"
"261577","1.20","1"
"261582","2.00","1"
"261589","18.80","1"
"261590","1728.43","1"
"261593","540.83","1"
"261607","42.13","1"
"261608","176.23","1"
"261610","170.23","1"
"261626","383.17","1"
"261633","143.93","1"
"261644","407.30","1"
"261647","1828.43","1"
"261658","398.70","1"
"261668","357.40","1"
"261670","88.20","1"
"261674","34.87","1"
"261679","59.20","1"
"261680","328.60","1"
"261682","3003.53","1"
"261692","158.37","1"
"261693","900.17","1"
"261714","222.33","1"
"261724","271.30","1"
"261735","1171.00","1"
"261737","835.00","1"
"261753","52.60","1"
"261756","2849.33","1"
"261758","104.80","1"
"261766","469.40","1"
"261771","1764.47","1"
"261777","5559.27","1"
"261778","2692.93","1"
"261782","39.97","1"
"261783","91.73","1"
"261785","2891.40","1"
"261788","1.13","1"
"261801","4677.23","1"
"261802","722.13","1"
"261805","75.53","1"
"261809","182.67","1"
"261810","401.23","1"
"261813","854.90","1"
"261819","74.87","1"
"261820","697.27","1"
"261828","118.43","1"
"261883","853.43","1"
"261905","4441.50","1"
"261990","21.07","1"
"262044","1.17","1"
"262068","278.40","1"
"262112","3148.73","1"
"262203","20.07","1"
"262224","300.50","1"
"262237","232.07","1"
"262260","328.40","1"
"262270","481.03","1"
"262273","94.90","1"
"262297","33.93","1"
"262377","461.23","1"
"262386","664.13","1"
"262406","1141.13","1"
"262412","1375.47","1"
"262414","2975.43","1"
"262459","2154.83","1"
"262487","177.83","1"
"262569","790.80","1"
"262578","125.27","1"
"262580","64.63","1"
"262585","2441.97","1"
"262596","22.53","1"
"262599","592.13","1"
"262634","317.77","1"
"262641","1085.27","1"
"262643","819.33","1"
"262714","717.33","1"
"262754","28.60","1"
"262761","345.27","1"
"262784","8.97","1"
"262792","264.73","1"
"262817","531.83","1"
"262819","985.23","1"
"262821","903.60","1"
"262908","0.87","1"
"262955","37.63","1"
"262988","1473.00","1"
"262992","1190.57","1"
"263008","696.77","1"
"263065","60.80","1"
"263076","2630.83","1"
"263087","1432.00","1"
"263104","2.87","1"
"263118","214.33","1"
"263231","205.40","1"
"263293","1991.00","1"
"263296","517.17","1"
"263300","1.80","1"
"263307","241.80","1"
"263309","1052.50","1"
"263321","882.80","1"
"263368","774.07","1"
"263388","29.90","1"
"263392","311.47","1"
"263456","524.90","1"
"263472","264.43","1"
"263480","456.40","1"
"263494","1596.10","1"
"263496","684.23","1"
"263501","57.50","1"
"263529","776.17","1"
"263531","609.23","1"
"263579","692.37","1"
"263639","260.33","1"
"263648","35.07","1"
"263650","317.33","1"
"263661","173.93","1"
"263672","33.40","1"
"263677","38.17","1"
"263683","334.77","1"
"263690","2060.13","1"
"263693","612.73","1"
"263706","297.77","1"
"263759","755.87","1"
"263791","80.37","1"
"263798","55.20","1"
"263845","110.90","1"
"263859","524.33","1"
"263913","177.13","1"
"263920","6.17","1"
"263933","9.07","1"
"263934","35.90","1"
"264049","736.33","1"
"264081","1148.63","1"
"264131","647.33","1"
"264141","113.17","1"
"264146","3618.20","1"
"264253","674.13","1"
"264254","153.83","1"
"264259","100.17","1"
"264291","14.97","1"
"264295","4752.30","1"
"264368","4.33","1"
"264400","588.43","1"
"264404","1037.20","1"
"264425","1671.53","1"
"264472","391.07","1"
"264476","2794.37","1"
"264514","1526.87","1"
"264623","441.97","1"
"264637","375.87","1"
"264679","56.77","1"
"264684","1251.37","1"
"264687","165.07","1"
"264696","438.17","1"
"264732","21.70","1"
"264761","255.93","1"
"264826","478.50","1"
"264843","250.43","1"
"264916","1558.87","1"
"264954","1363.70","1"
"264998","5.07","1"
"265003","2231.80","1"
"265005","1051.67","1"
"265025","142.00","1"
"265044","988.83","1"
"265092","2960.30","1"
"265093","401.97","1"
"265101","849.67","1"
"265106","20.20","1"
"265110","1168.10","1"
"265121","4.90","1"
"265130","237.70","1"
"265165","115.30","1"
"265176","115.63","1"
"265196","332.87","1"
"265218","151.50","1"
"265241","57.10","1"
"265250","2427.27","1"
"265262","66.57","1"
"265310","1216.73","1"
"265317","621.87","1"
"265337","22.57","1"
"265415","826.00","1"
"265449","173.03","1"
"265462","33.00","1"
"265489","24.00","1"
"265519","940.77","1"
"265572","161.57","1"
"265578","142.20","1"
"265588","2931.50","1"
"265628","1311.90","1"
"265653","363.63","1"
"265686","265.63","1"
"265714","10.53","1"
"265789","503.63","1"
"265848","415.30","1"
"265878","1272.17","1"
"265906","29.07","1"
"265918","27.00","1"
"265927","82.63","1"
"265928","3313.03","1"
"265966","1707.77","1"
"265967","2742.90","1"
"265970","326.43","1"
"266001","3499.90","1"
"266012","2516.50","1"
"266057","218.67","1"
"266095","1028.73","1"
"266099","53.93","1"
"266112","10623.23","1"
"266123","1.27","1"
"266249","25.47","1"
"266308","2.77","1"
"266316","2.30","1"
"266325","56.93","1"
"266332","1411.60","1"
"266340","165.40","1"
"266366","58.20","1"
"266395","675.90","1"
"266402","2.17","1"
"266410","26.57","1"
"266455","20.27","1"
"266477","139.70","1"
"266512","3872.60","1"
"266529","2359.60","1"
"266544","79.57","1"
"266548","3178.80","1"
"266584","354.70","1"
"266603","6.77","1"
"266614","1638.67","1"
"266615","7.77","1"
"266616","189.57","1"
"266693","946.53","1"
"266725","1486.27","1"
"266731","1002.77","1"
"266754","657.47","1"
"266758","2128.83","1"
"266766","2466.27","1"
"266788","2576.00","1"
"266810","147.17","1"
"266811","308.13","1"
"266894","135.00","1"
"267010","2349.33","1"
"267011","271.70","1"
"267026","859.17","1"
"267064","3574.70","1"
"267090","58.23","1"
"267106","135.83","1"
"267109","115.00","1"
"267114","901.43","1"
"267174","41.83","1"
"267203","1031.53","1"
"267235","64.33","1"
"267286","1506.77","1"
"267358","208.10","1"
"267443","643.67","1"
"267487","369.33","1"
"267488","282.10","1"
"267496","331.50","1"
"267498","387.77","1"
"267558","1184.30","1"
"267613","11.63","1"
"267643","1452.40","1"
"267662","0.57","1"
"267670","0.40","1"
"267721","1230.80","1"
"267765","857.47","1"
"267778","12.03","1"
"267812","3348.67","1"
"267813","1170.97","1"
"267824","42.47","1"
"267843","113.77","1"
"267854","543.50","1"
"267878","70.77","1"
"267885","887.27","1"
"267898","2759.27","1"
"267916","4653.33","1"
"267919","601.57","1"
"267936","5085.97","1"
"267949","221.30","1"
"267959","1619.57","1"
"268011","5089.53","1"
"268045","1714.57","1"
"268046","20.07","1"
"268053","525.20","1"
"268104","225.50","1"
"268113","640.47","1"
"268129","1186.00","1"
"268147","161.90","1"
"268152","1459.93","1"
"268226","86.77","1"
"268242","1380.73","1"
"268257","412.67","1"
"268263","1191.90","1"
"268287","264.90","1"
"268293","1036.83","1"
"268321","163.33","1"
"268331","4475.10","1"
"268337","256.80","1"
"268344","175.00","1"
"268348","189.53","1"
"268352","871.60","1"
"268357","2811.97","1"
"268373","169.97","1"
"268374","163.77","1"
"268389","260.60","1"
"268390","4018.77","1"
"268393","6.13","1"
"268408","481.80","1"
"268409","682.37","1"
"268410","918.97","1"
"268420","185.23","1"
"268465","472.73","1"
"268473","725.67","1"
"268480","38.10","1"
"268510","335.07","1"
"268511","182.00","1"
"268516","2538.50","1"
"268527","30.80","1"
"268529","980.37","1"
"268545","13.43","1"
"268553","156.27","1"
"268556","1817.30","1"
"268558","564.93","1"
"268584","783.47","1"
"268600","312.90","1"
"268618","392.93","1"
"268641","1114.23","1"
"268643","493.93","1"
"268647","4.33","1"
"268714","1122.17","1"
"268718","520.90","1"
"268732","39.03","1"
"268736","27.80","1"
"268742","61.47","1"
"268764","3882.20","1"
"268768","916.43","1"
"268779","235.83","1"
"268792","295.13","1"
"268796","3689.07","1"
"268800","1507.80","1"
"268805","3760.50","1"
"268811","1038.87","1"
"268817","219.80","1"
"268825","3218.70","1"
"268827","448.03","1"
"268830","104.37","1"
"268857","114.07","1"
"268863","1034.80","1"
"268866","883.57","1"
"268877","44.73","1"
"268883","57.40","1"
"268892","49.20","1"
"268903","460.23","1"
"268908","17.07","1"
"268915","319.83","1"
"268922","1341.47","1"
"268923","912.73","1"
"268926","4140.30","1"
"268929","215.03","1"
"268940","1695.73","1"
"268962","1138.47","1"
"268978","6004.47","1"
"268985","2982.13","1"
"268989","2960.17","1"
"268990","3103.17","1"
"269000","1269.83","1"
"269010","2156.60","1"
"269012","98.93","1"
"269013","667.57","1"
"269016","231.23","1"
"269020","251.57","1"
"269030","72.87","1"
"269036","226.83","1"
"269038","117.97","1"
"269040","4888.70","1"
"269047","699.30","1"
"269050","658.90","1"
"269054","1556.67","1"
"269064","2794.43","1"
"269066","3665.17","1"
"269068","424.10","1"
"269070","1146.73","1"
"269120","4.53","1"
"269130","238.10","1"
"269174","10.03","1"
"269188","81.93","1"
"269204","5895.57","1"
"269220","475.97","1"
"269289","330.33","1"
"269314","3351.30","1"
"269457","22.03","1"
"269470","535.67","1"
"269485","1843.63","1"
"269492","1177.30","1"
"269501","493.43","1"
"269518","3325.63","1"
"269519","1043.70","1"
"269534","37.93","1"
"269535","43.90","1"
"269540","748.70","1"
"269541","3008.23","1"
"269549","1555.73","1"
"269570","1139.60","1"
"269594","362.83","1"
"269633","232.70","1"
"269646","2440.13","1"
"269653","1008.20","1"
"269662","303.87","1"
"269670","436.27","1"
"269671","930.70","1"
"269728","0.90","1"
"269741","3875.20","1"
"269744","1814.87","1"
"269754","222.20","1"
"269771","1722.40","1"
"269796","109.10","1"
"269843","1026.93","1"
"269862","120.33","1"
"269864","424.67","1"
"269872","1402.07","1"
"269874","485.07","1"
"269894","39.57","1"
"269896","8.50","1"
"269898","943.10","1"
"269924","2096.80","1"
"269934","1758.23","1"
"269937","492.33","1"
"269959","516.47","1"
"269975","742.27","1"
"269976","864.83","1"
"269978","678.63","1"
"269981","280.50","1"
"269984","1422.03","1"
"270000","303.23","1"
"270003","324.40","1"
"270009","343.17","1"
"270014","685.90","1"
"270018","287.83","1"
"270022","1097.13","1"
"270036","915.70","1"
"270042","2736.70","1"
"270062","428.10","1"
"270075","5176.00","1"
"270098","727.50","1"
"270103","223.30","1"
"270135","498.67","1"
"270179","1072.27","1"
"270183","157.10","1"
"270188","396.87","1"
"270197","195.63","1"
"270240","1389.37","1"
"270244","69.20","1"
"270247","1025.03","1"
"270263","1413.50","1"
"270265","246.13","1"
"270304","117.87","1"
"270324","118.33","1"
"270363","510.83","1"
"270367","683.00","1"
"270393","1400.40","1"
"270455","130.07","1"
"270460","1872.03","1"
"270474","361.83","1"
"270486","1906.07","1"
"270509","128.03","1"
"270596","197.20","1"
"270599","5239.23","1"
"270602","39.00","1"
"270606","1817.67","1"
"270616","22.40","1"
"270619","688.70","1"
"270633","1384.20","1"
"270648","206.27","1"
"270670","177.97","1"
"270671","838.73","1"
"270700","1223.10","1"
"270710","1824.37","1"
"270725","624.30","1"
"270738","2684.13","1"
"270744","1927.60","1"
"270784","207.83","1"
"270811","371.80","1"
"270824","430.53","1"
"270833","1012.97","1"
"270848","210.90","1"
"270898","63.73","1"
"270911","276.60","1"
"270928","134.77","1"
"270930","794.33","1"
"270931","1830.07","1"
"270947","40.93","1"
"270957","2641.90","1"
"270968","322.50","1"
"270988","865.13","1"
"271006","264.17","1"
"271015","4088.03","1"
"271035","3065.77","1"
"271054","45.23","1"
"271082","49.77","1"
"271083","375.63","1"
"271094","362.60","1"
"271098","46.53","1"
"271114","333.23","1"
"271125","20.87","1"
"271140","1405.63","1"
"271154","5020.03","1"
"271169","602.03","1"
"271185","3013.57","1"
"271197","261.93","1"
"271220","383.47","1"
"271228","150.97","1"
"271243","942.07","1"
"271296","116.80","1"
"271300","1659.67","1"
"271310","44.83","1"
"271326","1596.93","1"
"271338","984.03","1"
"271348","1781.63","1"
"271352","397.97","1"
"271388","139.43","1"
"271426","87.40","1"
"271465","1662.57","1"
"271488","95.10","1"
"271508","366.50","1"
"271519","3142.43","1"
"271543","1902.30","1"
"271557","379.40","1"
"271617","24.63","1"
"271664","1073.20","1"
"271670","535.20","1"
"271720","101.70","1"
"271755","70.80","1"
"271760","104.00","1"
"271761","2905.93","1"
"271768","3.67","1"
"271787","197.20","1"
"271792","634.37","1"
"271800","4022.13","1"
"271806","304.13","1"
"271837","473.20","1"
"271851","1346.37","1"
"271856","1388.53","1"
"271872","783.33","1"
"271896","685.83","1"
"271903","1198.10","1"
"271925","286.90","1"
"271950","3615.00","1"
"271951","30.80","1"
"271991","2158.10","1"
"272001","2597.23","1"
"272029","1213.30","1"
"272035","4163.20","1"
"272058","1375.17","1"
"272059","31.37","1"
"272063","187.10","1"
"272127","8.97","1"
"272128","4.53","1"
"272157","758.27","1"
"272175","546.90","1"
"272199","1457.73","1"
"272213","159.30","1"
"272255","1427.90","1"
"272261","970.23","1"
"272282","149.23","1"
"272283","902.47","1"
"272359","97.60","1"
"272425","606.37","1"
"272437","1579.90","1"
"272452","723.87","1"
"272463","729.40","1"
"272472","5560.20","1"
"272504","670.10","1"
"272510","715.73","1"
"272543","344.00","1"
"272544","18.13","1"
"272569","375.67","1"
"272570","650.77","1"
"272586","167.27","1"
"272596","2084.27","1"
"272616","675.73","1"
"272659","112.60","1"
"272696","405.60","1"
"272717","4833.10","1"
"272755","356.63","1"
"272792","213.87","1"
"272838","402.97","1"
"272842","12326.37","1"
"272865","1692.13","1"
"272887","324.93","1"
"272906","95.73","1"
"272909","8223.87","1"
"272918","694.70","1"
"272923","84.57","1"
"272926","35.47","1"
"272961","256.50","1"
"272965","4685.10","1"
"272977","335.90","1"
"272979","921.67","1"
"272983","214.63","1"
"272991","4321.13","1"
"273034","904.50","1"
"273060","1949.03","1"
"273068","842.07","1"
"273117","37.43","1"
"273126","1425.37","1"
"273131","75.43","1"
"273164","55.97","1"
"273214","154.30","1"
"273235","233.17","1"
"273249","791.87","1"
"273329","1140.73","1"
"273371","337.07","1"
"273423","10669.57","1"
"273464","888.47","1"
"273486","1031.93","1"
"273523","29.80","1"
"273544","532.10","1"
"273599","206.97","1"
"273628","230.47","1"
"273630","210.07","1"
"273654","667.00","1"
"273671","1202.60","1"
"273684","90.87","1"
"273695","355.17","1"
"273839","155.67","1"
"273841","2095.03","1"
"273846","808.13","1"
"273862","289.67","1"
"273936","55.60","1"
"273953","56.80","1"
"273992","712.97","1"
"273994","19.77","1"
"274000","279.17","1"
"274039","2321.20","1"
"274050","6146.10","1"
"274057","312.97","1"
"274070","2525.13","1"
"274087","380.00","1"
"274130","2155.37","1"
"274157","952.90","1"
"274162","1695.90","1"
"274163","1474.03","1"
"274166","2.70","1"
"274189","564.67","1"
"274209","2058.43","1"
"274269","425.73","1"
"274273","1202.67","1"
"274276","328.40","1"
"274278","426.20","1"
"274371","530.17","1"
"274377","428.40","1"
"274382","1252.70","1"
"274402","210.07","1"
"274433","670.87","1"
"274438","30.00","1"
"274460","1361.30","1"
"274475","523.57","1"
"274498","1088.50","1"
"274501","594.67","1"
"274521","179.57","1"
"274536","662.67","1"
"274544","170.87","1"
"274552","383.00","1"
"274564","3725.57","1"
"274572","1451.67","1"
"274576","2406.27","1"
"274585","60.10","1"
"274589","175.77","1"
"274611","304.47","1"
"274630","357.27","1"
"274631","148.87","1"
"274639","63.80","1"
"274652","319.40","1"
"274663","0.10","1"
"274723","288.33","1"
"274746","76.40","1"
"274766","84.73","1"
"274781","99.87","1"
"274798","1258.30","1"
"274814","1647.43","1"
"274825","2295.57","1"
"274836","178.37","1"
"274838","165.07","1"
"274861","2342.77","1"
"274879","43.43","1"
"274880","117.47","1"
"274882","18.33","1"
"274901","387.77","1"
"274904","860.90","1"
"274906","2964.30","1"
"274908","916.90","1"
"274929","1631.73","1"
"274940","358.93","1"
"274948","722.93","1"
"274951","126.67","1"
"274958","216.40","1"
"274985","143.43","1"
"274994","871.80","1"
"274996","1520.80","1"
"274999","366.13","1"
"275008","346.87","1"
"275020","2386.53","1"
"275021","420.93","1"
"275033","3040.47","1"
"275038","1430.07","1"
"275039","94.27","1"
"275049","39.87","1"
"275050","1086.43","1"
"275056","385.13","1"
"275069","163.73","1"
"275081","99.27","1"
"275092","60.53","1"
"275098","330.60","1"
"275100","276.87","1"
"275103","338.97","1"
"275112","300.53","1"
"275113","134.47","1"
"275126","4.20","1"
"275129","2832.53","1"
"275132","1149.57","1"
"275141","189.87","1"
"275148","436.73","1"
"275154","273.03","1"
"275158","199.87","1"
"275163","149.10","1"
"275165","1314.53","1"
"275173","463.93","1"
"275215","140.50","1"
"275253","50.23","1"
"275273","468.33","1"
"275275","649.87","1"
"275276","46.27","1"
"275277","1056.00","1"
"275282","1883.73","1"
"275286","538.37","1"
"275290","447.43","1"
"275292","42.43","1"
"275293","209.13","1"
"275343","34.43","1"
"275362","309.90","1"
"275373","114.43","1"
"275389","104.77","1"
"275408","167.57","1"
"275412","203.67","1"
"275413","538.30","1"
"275422","102.87","1"
"275438","82.67","1"
"275440","154.53","1"
"275442","3010.07","1"
"275444","61.83","1"
"275449","1544.13","1"
"275457","149.90","1"
"275463","173.47","1"
"275468","511.13","1"
"275470","2886.73","1"
"275479","560.47","1"
"275490","600.00","1"
"275498","99.03","1"
"275503","7.13","1"
"275510","74.30","1"
"275513","272.97","1"
"275516","86.97","1"
"275518","43.73","1"
"275529","52.10","1"
"275532","133.37","1"
"275533","37.70","1"
"275534","177.03","1"
"275548","194.97","1"
"275552","604.77","1"
"275554","41.87","1"
"275565","27.30","1"
"275566","9.43","1"
"275567","2625.67","1"
"275570","206.70","1"
"275571","32.23","1"
"275572","217.83","1"
"275574","839.83","1"
"275575","121.87","1"
"275582","16.83","1"
"275589","216.53","1"
"275590","1275.27","1"
"275591","105.60","1"
"275592","102.37","1"
"275598","20.77","1"
"275624","327.23","1"
"275629","47.50","1"
"275637","920.97","1"
"275644","120.83","1"
"275660","37.33","1"
"275664","89.63","1"
"275677","306.27","1"
"275682","14.30","1"
"275684","281.73","1"
"275741","100.43","1"
"275757","54.00","1"
"275788","771.17","1"
"275799","649.20","1"
"276104","13.13","1"
"276112","270.40","1"
"276130","296.40","1"
"276135","2277.87","1"
"276232","603.20","1"
"276238","1128.97","1"
"276261","445.67","1"
"276265","561.30","1"
"276383","311.67","1"
"276395","293.57","1"
"276414","14.20","1"
"276420","333.03","1"
"276439","3036.20","1"
"276455","2497.70","1"
"276480","326.73","1"
"276490","2331.70","1"
"276510","534.27","1"
"276542","517.83","1"
"276553","147.90","1"
"276562","339.10","1"
"276598","321.97","1"
"276666","88.37","1"
"276671","386.77","1"
"276708","1134.87","1"
"276781","16.80","1"
"276783","1397.67","1"
"276784","1101.07","1"
"276788","779.67","1"
"276829","52.50","1"
"276852","124.47","1"
"276857","83.70","1"
"276887","899.43","1"
"276932","171.30","1"
"276938","715.93","1"
"276990","486.80","1"
"276998","230.20","1"
"277012","175.07","1"
"277063","410.87","1"
"277066","1666.83","1"
"277084","1878.97","1"
"277099","374.73","1"
"277105","68.80","1"
"277109","531.63","1"
"277135","121.97","1"
"277182","116.37","1"
"277238","62.50","1"
"277271","117.30","1"
"277285","1984.27","1"
"277384","742.37","1"
"277398","1073.57","1"
"277403","428.50","1"
"277410","293.97","1"
"277419","12.67","1"
"277461","295.50","1"
"277499","904.83","1"
"277508","1982.10","1"
"277521","322.63","1"
"277524","57.70","1"
"277544","205.17","1"
"277556","57.53","1"
"277557","2616.03","1"
"277562","617.30","1"
"277590","916.13","1"
"277591","4.17","1"
"277609","890.37","1"
"277668","103.73","1"
"277670","66.93","1"
"277704","8.87","1"
"277715","87.37","1"
"277728","75.10","1"
"277766","218.23","1"
"277791","976.50","1"
"277803","318.27","1"
"277814","16.90","1"
"277821","981.20","1"
"277825","676.63","1"
"277845","149.43","1"
"277864","577.07","1"
"277866","1657.03","1"
"277880","12.37","1"
"277945","623.53","1"
"277953","314.00","1"
"277964","617.23","1"
"277977","20.27","1"
"278055","444.63","1"
"278080","327.90","1"
"278115","271.33","1"
"278129","405.90","1"
"278143","18.70","1"
"278177","401.77","1"
"278215","4.07","1"
"278280","441.30","1"
"278283","2109.77","1"
"278326","543.07","1"
"278344","796.03","1"
"278444","135.33","1"
"278459","13.30","1"
"278509","1325.10","1"
"278531","45.80","1"
"278582","792.17","1"
"278586","621.50","1"
"278642","423.03","1"
"278695","191.17","1"
"278701","2.63","1"
"278716","489.03","1"
"278723","67.23","1"
"278753","1273.93","1"
"278758","451.87","1"
"278764","1378.40","1"
"278788","764.10","1"
"278851","13.40","1"
"278875","310.10","1"
"278881","980.67","1"
"278882","349.57","1"
"278890","147.27","1"
"278905","318.40","1"
"278906","282.10","1"
"278915","91.53","1"
"278927","767.70","1"
"278940","1180.57","1"
"278958","445.90","1"
"278995","134.80","1"
"279132","480.67","1"
"279138","812.53","1"
"279264","405.00","1"
"279352","346.10","1"
"279394","12.43","1"
"279409","366.13","1"
"279468","320.17","1"
"279470","373.20","1"
"279519","368.40","1"
"279625","101.57","1"
"279680","272.43","1"
"279722","61.83","1"
"279738","316.13","1"
"279748","61.47","1"
"279751","100.80","1"
"279766","265.60","1"
