student_id,minutes_watched,paid_in_q2
6,162.07,1
221,938.13,1
516,92.53,1
520,182.37,1
523,2644.5,1
594,7.47,1
603,16.37,1
608,775.37,1
614,1348.8,1
616,2206.9,1
618,1092.7,1
659,2675.2,1
666,665.8,1
691,999.03,1
698,71.97,1
699,0.27,1
702,193.83,1
709,4.6,1
778,403.2,1
782,67.83,1
800,964.47,1
801,666.83,1
804,1028.13,1
805,96.93,1
810,380.33,1
829,302.7,1
830,0.7,1
832,716.37,1
838,1015.63,1
840,2244.27,1
841,2597.77,1
842,579.17,1
851,750.73,1
854,13.7,1
862,1957.83,1
863,1249.87,1
865,2076.87,1
869,351.73,1
870,1021.9,1
872,13.43,1
875,710.33,1
876,4.27,1
882,2161.37,1
893,740.23,1
894,0.13,1
900,566.63,1
903,282.7,1
908,4556.03,1
911,1756.13,1
916,678.13,1
928,198.1,1
930,319.03,1
933,1435.03,1
936,759.73,1
956,3.83,1
959,24.6,1
961,652.27,1
965,2251.6,1
969,115.6,1
973,87.4,1
977,1.2,1
982,77.7,1
985,115.57,1
986,0.13,1
987,299.2,1
988,728.57,1
991,3280.93,1
994,561.93,1
998,13.27,1
999,235.83,1
1002,2789.03,1
1006,32.67,1
1008,946.0,1
1010,9.87,1
1014,383.67,1
1015,2052.6,1
1016,112.37,1
1018,342.23,1
1019,17.17,1
1029,125.3,1
1033,0.1,1
1034,215.5,1
1035,2899.53,1
1040,0.17,1
1042,807.77,1
1045,164.5,1
1046,1799.13,1
1052,68.67,1
1056,50.67,1
1057,2150.27,1
1063,3734.67,1
1064,54.17,1
1066,750.63,1
1073,10.07,1
1081,906.7,1
1086,1789.7,1
1091,92.9,1
1099,0.57,1
1102,1967.63,1
1105,5.8,1
1116,0.23,1
1119,146.5,1
1125,22.77,1
1127,866.87,1
1128,2005.03,1
1132,279.73,1
1140,275.2,1
1143,42.03,1
1145,1314.7,1
1155,18.27,1
1158,9.17,1
1165,81.37,1
1166,677.63,1
1169,99.3,1
1173,974.8,1
1175,70.5,1
1183,2666.07,1
1187,126.8,1
1188,70.8,1
1190,248.27,1
1196,238.47,1
1197,3516.57,1
1201,400.23,1
1207,368.2,1
1209,12.93,1
1211,1230.2,1
1212,84.03,1
1214,72.17,1
1215,3085.43,1
1216,0.37,1
1224,39.77,1
1226,25.67,1
1235,5.5,1
1238,101.6,1
1242,106.77,1
1244,52.07,1
1246,2950.47,1
1249,24.47,1
1253,0.3,1
1257,4.13,1
1259,1519.83,1
1266,455.23,1
1271,81.1,1
1272,468.0,1
1283,0.67,1
1284,1172.97,1
1292,67.87,1
1294,3.5,1
1299,111.13,1
1306,137.87,1
1308,777.5,1
1313,1.1,1
1317,1552.83,1
1323,121.0,1
1324,181.4,1
1327,320.93,1
1330,216.2,1
1331,202.77,1
1336,19.3,1
1347,59.87,1
1350,3388.0,1
1353,794.7,1
1355,464.8,1
1357,285.43,1
1363,1531.53,1
1369,9.9,1
1374,438.83,1
1375,57.57,1
1379,6287.83,1
1382,34.3,1
1388,174.37,1
1389,133.33,1
1393,0.1,1
1397,5958.0,1
1419,407.23,1
1424,273.47,1
1426,331.17,1
1428,679.67,1
1434,3381.2,1
1437,637.8,1
1459,190.43,1
1461,15.6,1
1463,14.5,1
1465,94.9,1
1468,21.87,1
1471,0.1,1
1473,97.73,1
1482,709.33,1
1491,5188.73,1
1494,403.87,1
1498,65.23,1
1500,1642.8,1
1501,1700.07,1
1502,1.27,1
1504,2145.9,1
1513,544.6,1
1522,393.9,1
1531,5.4,1
1532,4.43,1
1535,1662.4,1
1537,0.27,1
1538,383.13,1
1542,4015.93,1
1544,53.4,1
1550,790.97,1
1553,166.3,1
1561,1100.9,1
1567,1843.1,1
1587,187.83,1
1588,11.37,1
1595,205.33,1
1598,131.4,1
1600,67.1,1
1605,347.8,1
1606,11.17,1
1615,6.87,1
1633,26.3,1
1638,1413.8,1
1644,270.13,1
1649,7.9,1
1651,143.47,1
1652,644.9,1
1653,494.13,1
1658,319.1,1
1667,46.37,1
1669,518.83,1
1678,941.23,1
1680,3.27,1
1683,2156.37,1
1686,0.27,1
1688,3605.87,1
1693,299.9,1
1695,770.7,1
1701,1357.57,1
1702,2.2,1
1705,1212.4,1
1710,37.27,1
1711,277.3,1
1713,173.67,1
1732,638.67,1
1733,460.47,1
1737,337.7,1
1739,218.6,1
1745,239.23,1
1759,266.77,1
1765,864.83,1
1773,830.97,1
1776,3391.03,1
1778,1775.1,1
1784,0.27,1
1790,2681.37,1
1792,178.1,1
1794,376.27,1
1795,279.97,1
1801,6.0,1
1802,0.9,1
1820,208.97,1
1823,2998.43,1
1825,974.83,1
1827,3.2,1
1835,2773.1,1
1841,47.3,1
1849,163.7,1
1852,1175.93,1
1862,5.4,1
1863,236.7,1
1864,909.9,1
1866,2169.37,1
1867,12.13,1
1875,1696.97,1
1880,189.97,1
1881,260.1,1
1896,2117.27,1
1897,379.13,1
1898,617.73,1
1900,118.4,1
1902,267.67,1
1908,94.83,1
1909,12.77,1
1911,219.47,1
1914,611.8,1
1917,60.93,1
1918,791.33,1
1932,103.53,1
1935,7.0,1
1938,652.23,1
1939,847.23,1
1945,46.3,1
1947,370.33,1
1950,429.53,1
1957,608.8,1
1959,518.93,1
1960,552.77,1
1977,1989.1,1
1993,288.77,1
1994,432.37,1
2003,186.23,1
2010,171.57,1
2018,430.6,1
2019,79.63,1
2022,42.63,1
2026,130.2,1
2051,323.13,1
2054,3124.17,1
2055,106.93,1
2056,111.7,1
2064,464.03,1
2066,2171.97,1
2078,20.27,1
2079,8.93,1
2081,1413.53,1
2084,0.8,1
2091,4517.17,1
2092,1696.1,1
2093,992.23,1
2099,501.13,1
2104,88.23,1
2106,3.97,1
2108,608.6,1
2112,4475.37,1
2113,87.03,1
2114,1392.67,1
2118,1109.23,1
2120,1163.33,1
2130,184.1,1
2135,33.67,1
2136,2419.73,1
2149,1208.37,1
2154,447.43,1
2157,8.93,1
2160,102.23,1
2162,229.3,1
2167,1419.37,1
2170,6.6,1
2187,1286.77,1
2188,1713.07,1
2190,839.3,1
2195,806.97,1
2207,664.8,1
2213,76.57,1
2217,128.1,1
2218,2010.33,1
2222,20.3,1
2229,1149.13,1
2231,262.83,1
2233,661.27,1
2236,36.73,1
2248,2796.47,1
2255,35.83,1
2256,83.93,1
2258,2155.93,1
2265,181.1,1
2266,162.23,1
2267,184.8,1
2274,737.57,1
2275,0.5,1
2278,1.33,1
2284,271.87,1
2290,440.93,1
2292,17.0,1
2295,24.17,1
2303,38.17,1
2304,390.7,1
2306,40.9,1
2308,3.4,1
2312,102.5,1
2318,7.17,1
2324,4139.67,1
2332,68.27,1
2335,72.77,1
2338,84.7,1
2339,364.53,1
2340,300.0,1
2351,37.5,1
2354,3697.33,1
2359,52.17,1
2362,250.17,1
2364,794.87,1
2375,119.6,1
2377,123.83,1
2385,735.23,1
2397,1425.27,1
2398,0.83,1
2403,4.73,1
2406,72.0,1
2409,3297.9,1
2410,925.37,1
2414,439.63,1
2417,94.47,1
2429,32.23,1
2431,25.17,1
2437,144.43,1
2441,376.0,1
2447,1148.57,1
2463,13.97,1
2477,108.97,1
2501,290.1,1
2506,23.0,1
2516,144.8,1
2529,169.33,1
2536,1810.77,1
2544,62.8,1
2546,191.73,1
2550,19.23,1
2555,211.6,1
2575,155.7,1
2577,6.9,1
2591,3348.53,1
2617,316.73,1
2620,147.07,1
2621,442.23,1
2629,432.13,1
2630,180.1,1
2636,2975.13,1
2641,9.2,1
2642,297.43,1
2650,60.4,1
2651,115.83,1
2653,1338.8,1
2655,324.0,1
2657,56.33,1
2661,10.37,1
2663,203.83,1
2671,20.77,1
2685,16.23,1
2688,826.33,1
2692,189.5,1
2698,84.33,1
2706,1836.37,1
2708,0.33,1
2710,34.3,1
2719,98.4,1
2723,229.57,1
2725,53.8,1
2726,13.17,1
2731,79.67,1
2738,0.57,1
2741,4.5,1
2743,22.47,1
2750,29.97,1
2754,1802.57,1
2761,0.6,1
2764,73.1,1
2772,2545.57,1
2774,1115.9,1
2793,158.57,1
2797,79.17,1
2803,364.77,1
2805,497.23,1
2811,5234.47,1
2813,34.7,1
2815,621.13,1
2819,54.1,1
2820,0.63,1
2821,702.5,1
2824,43.93,1
2825,2.33,1
2826,24.43,1
2827,3307.13,1
2830,2508.2,1
2831,80.37,1
2833,5.27,1
2839,581.93,1
2840,2.23,1
2843,39.27,1
2851,1004.17,1
2859,1597.0,1
2866,3261.17,1
2877,1037.03,1
2887,1133.0,1
2894,1.5,1
2899,4060.2,1
2911,8.1,1
2917,2090.8,1
2918,1202.43,1
2920,22.8,1
2922,866.63,1
2928,4.07,1
2929,1278.07,1
2930,531.6,1
2933,91.9,1
2938,2662.4,1
2943,571.03,1
2950,0.27,1
2954,632.0,1
2967,0.87,1
2973,137.37,1
2978,70.47,1
3002,2755.77,1
3011,1172.77,1
3016,48.33,1
3017,333.23,1
3022,1015.7,1
3031,273.57,1
3034,4.37,1
3048,41.57,1
3050,55.77,1
3062,75.7,1
3070,1727.27,1
3074,50.6,1
3080,343.0,1
3082,52.5,1
3090,83.6,1
3092,1218.2,1
3099,167.77,1
3112,44.83,1
3115,103.43,1
3130,0.47,1
3138,53.17,1
3146,0.37,1
3147,47.17,1
3148,42.53,1
3161,229.57,1
3162,807.93,1
3187,153.73,1
3188,1218.1,1
3199,31.77,1
3213,1050.23,1
3215,354.63,1
3219,300.8,1
3221,187.27,1
3239,756.8,1
3248,68.47,1
3266,11.9,1
3272,278.67,1
3286,7.97,1
3288,373.97,1
3291,2758.93,1
3297,129.2,1
3303,886.43,1
3305,616.8,1
3316,0.2,1
3338,1590.67,1
3359,558.63,1
3364,760.87,1
3366,377.23,1
3367,203.87,1
3379,0.7,1
3381,109.9,1
3393,20.33,1
3402,26.47,1
3414,0.47,1
3416,0.3,1
3419,2.53,1
3420,939.13,1
3423,908.7,1
3426,35.0,1
3430,2692.0,1
3441,91.4,1
3447,20.2,1
3453,591.63,1
3466,503.4,1
3467,34.47,1
3468,1344.6,1
3470,40.47,1
3471,468.8,1
3473,71.6,1
3478,1648.33,1
3481,5.93,1
3494,544.13,1
3498,3449.67,1
3512,766.23,1
3513,477.57,1
3524,349.27,1
3538,2167.7,1
3550,334.63,1
3558,311.37,1
3575,507.57,1
3589,0.57,1
3598,67.03,1
3611,135.7,1
3613,2382.43,1
3626,1648.1,1
3641,385.1,1
3643,4170.47,1
3647,1207.37,1
3659,10.73,1
3661,62.53,1
3663,1806.87,1
3675,7.77,1
3679,39.1,1
3681,273.8,1
3685,9.5,1
3687,1558.77,1
3688,340.8,1
3691,173.37,1
3698,3301.87,1
3700,262.07,1
3702,146.77,1
3704,43.67,1
3707,1324.53,1
3708,2.67,1
3709,2880.7,1
3712,95.7,1
3728,1787.5,1
3750,103.63,1
3758,307.93,1
3774,2139.53,1
3779,1184.6,1
3780,251.3,1
3781,3201.43,1
3785,724.47,1
3787,432.67,1
3797,613.63,1
3799,230.23,1
3809,14.63,1
3814,328.23,1
3815,421.9,1
3817,61.57,1
3824,17.33,1
3832,516.6,1
3840,0.83,1
3850,811.17,1
3852,2014.23,1
3856,1926.73,1
3857,5.0,1
3860,532.9,1
3864,938.47,1
3865,455.4,1
3874,4.07,1
3875,1035.27,1
3897,0.23,1
3908,26.63,1
3913,0.4,1
3914,17.17,1
3920,0.13,1
3927,2786.13,1
3931,3.97,1
3934,197.43,1
3936,599.57,1
3938,100.77,1
3943,167.13,1
3949,428.13,1
3965,19.17,1
3969,112.4,1
3977,218.63,1
3980,24.3,1
3983,37.23,1
3984,1394.27,1
3985,0.73,1
3987,206.73,1
4001,362.3,1
4003,0.1,1
4013,2401.23,1
4019,830.6,1
4034,2453.63,1
4040,1481.17,1
4043,1096.03,1
4050,4047.1,1
4053,99.07,1
4054,199.17,1
4055,17.67,1
4062,178.87,1
4097,0.13,1
4104,503.23,1
4112,9.9,1
4132,1004.73,1
4135,0.17,1
4143,153.2,1
4156,754.1,1
4158,39.93,1
4160,240.97,1
4162,1.1,1
4186,453.5,1
4220,79.8,1
4230,525.6,1
4231,1339.83,1
4241,58.1,1
4266,330.6,1
4294,102.87,1
4311,9.17,1
4320,10.27,1
4322,103.6,1
4336,1895.9,1
4337,2037.23,1
4347,69.97,1
4360,821.33,1
4363,111.03,1
4371,27.8,1
4376,429.37,1
4377,84.07,1
4381,30.17,1
4384,796.63,1
4393,234.43,1
4395,2.6,1
4400,2075.53,1
4402,649.6,1
4404,1230.7,1
4413,1667.3,1
4435,1612.63,1
4450,0.7,1
4458,139.87,1
4464,67.8,1
4514,612.3,1
4515,174.1,1
4522,1.33,1
4537,339.17,1
4539,0.1,1
4544,99.1,1
4551,0.27,1
4553,0.23,1
4568,41.43,1
4574,72.2,1
4582,49.5,1
4585,1271.93,1
4593,5.6,1
4595,119.4,1
4609,38.43,1
4613,261.67,1
4615,0.73,1
4617,2255.8,1
4621,2238.43,1
4629,3625.67,1
4640,587.63,1
4646,298.73,1
4685,12.57,1
4686,9.37,1
4692,212.1,1
4698,12.93,1
4706,608.77,1
4707,2616.1,1
4721,4833.3,1
4723,207.63,1
4739,1537.93,1
4743,36.7,1
4745,112.6,1
4751,0.5,1
4756,193.5,1
4784,26.73,1
4790,822.6,1
4793,10.27,1
4795,510.03,1
4797,10.53,1
4801,718.8,1
4803,218.3,1
4827,20.77,1
4828,0.97,1
4829,1987.67,1
4837,817.5,1
4849,1361.67,1
4861,10.8,1
4869,101.17,1
4872,721.4,1
4874,783.23,1
4877,25.2,1
4884,0.2,1
4898,306.87,1
4917,3.8,1
4921,551.57,1
4927,79.93,1
4939,693.73,1
4946,45.13,1
4958,2898.47,1
4969,10.37,1
4972,96.43,1
4991,1893.53,1
5010,782.93,1
5028,1638.37,1
5036,1928.3,1
5058,31.37,1
5063,0.2,1
5064,504.33,1
5070,363.13,1
5071,630.63,1
5075,1150.43,1
5076,696.77,1
5080,2681.63,1
5088,1.57,1
5098,563.07,1
5104,506.8,1
5130,1750.17,1
5136,27.8,1
5143,60.23,1
5153,119.57,1
5155,109.2,1
5203,454.1,1
5212,831.43,1
5221,0.13,1
5223,1171.73,1
5227,0.67,1
5262,853.03,1
5274,44.17,1
5279,278.83,1
5286,453.2,1
5299,530.2,1
5309,1421.07,1
5321,1777.0,1
5323,192.8,1
5325,333.0,1
5334,22.97,1
5336,1178.07,1
5340,521.6,1
5358,29.97,1
5373,489.17,1
5380,1.73,1
5382,1138.53,1
5385,669.77,1
5389,0.67,1
5391,715.1,1
5392,24.63,1
5424,28.8,1
5427,82.97,1
5434,922.3,1
5450,39.53,1
5453,3118.03,1
5502,489.67,1
5511,0.13,1
5515,14.57,1
5543,1950.83,1
5567,1523.8,1
5574,18.17,1
5577,505.07,1
5578,32.03,1
5579,14.77,1
5589,293.03,1
5591,12.7,1
5598,56.27,1
5601,491.6,1
5612,346.1,1
5632,224.97,1
5633,4237.53,1
5638,38.53,1
5644,0.13,1
5649,417.33,1
5663,55.2,1
5671,58.4,1
5676,13.23,1
5686,273.93,1
5687,96.6,1
5704,1.1,1
5707,234.93,1
5716,9.07,1
5717,654.67,1
5720,5245.9,1
5734,631.27,1
5739,300.37,1
5744,238.93,1
5774,44.2,1
5782,595.7,1
5791,0.83,1
5836,2519.17,1
5884,130.07,1
5939,35.47,1
5955,222.07,1
5971,107.87,1
5974,2035.27,1
5996,123.87,1
6011,328.7,1
6027,48.3,1
6030,770.7,1
6034,0.17,1
6043,327.07,1
6070,315.37,1
6096,777.83,1
6110,1118.2,1
6125,2328.77,1
6129,388.2,1
6165,197.5,1
6218,29.47,1
6227,471.23,1
6239,96.97,1
6252,819.63,1
6253,567.9,1
6261,0.37,1
6278,1949.73,1
6312,979.07,1
6313,970.7,1
6330,843.77,1
6331,110.7,1
6363,124.0,1
6367,314.13,1
6379,422.83,1
6394,665.13,1
6395,696.43,1
6408,200.23,1
6409,339.47,1
6410,157.6,1
6418,84.9,1
6421,1321.27,1
6433,508.37,1
6451,24.4,1
6464,407.77,1
6488,2937.23,1
6503,16.47,1
6505,161.63,1
6530,1209.27,1
6542,257.37,1
6548,4144.93,1
6559,320.83,1
6560,40.7,1
6569,8.7,1
6580,53.43,1
6589,887.53,1
6599,67.33,1
6616,3025.53,1
6627,49.7,1
6643,1083.97,1
6659,378.27,1
6665,48.7,1
6667,22.87,1
6681,16.9,1
6685,1047.27,1
6698,70.27,1
6739,5018.8,1
6743,47.93,1
6745,173.6,1
6757,142.0,1
6762,989.73,1
6773,36.07,1
6791,522.27,1
6814,54.87,1
6817,27.0,1
6819,1207.6,1
6824,615.0,1
6836,67.07,1
6867,18.17,1
6869,79.5,1
6871,28.47,1
6884,3018.13,1
6885,1954.23,1
6888,117.3,1
6890,581.63,1
6921,4692.8,1
6924,536.1,1
6932,410.4,1
6939,0.87,1
6940,71.8,1
6944,30.87,1
6950,205.77,1
6958,769.63,1
6965,151.73,1
6976,5622.67,1
6982,110.9,1
6997,328.97,1
7008,0.43,1
7013,231.53,1
7015,0.33,1
7021,63.2,1
7034,934.07,1
7071,2764.57,1
7076,6.0,1
7081,60.9,1
7086,2298.27,1
7094,2.6,1
7096,266.33,1
7100,234.5,1
7101,1361.6,1
7115,34.67,1
7122,253.0,1
7127,462.6,1
7128,1185.77,1
7129,17.23,1
7133,967.4,1
7155,294.97,1
7163,505.23,1
7169,64.2,1
7178,167.57,1
7179,7.47,1
7197,1235.67,1
7212,51.67,1
7217,5.17,1
7231,1140.67,1
7232,353.73,1
7242,212.47,1
7244,1339.67,1
7245,463.2,1
7246,758.5,1
7250,180.63,1
7254,726.57,1
7275,6.87,1
7282,184.37,1
7291,15.43,1
7294,258.93,1
7306,264.6,1
7307,463.37,1
7310,64.27,1
7343,1970.1,1
7349,2541.83,1
7355,0.73,1
7358,326.93,1
7365,1297.57,1
7373,35.97,1
7382,1938.93,1
7386,140.07,1
7404,29.13,1
7406,15.1,1
7412,3862.53,1
7437,1524.23,1
7443,29.67,1
7452,18.3,1
7475,1112.47,1
7482,220.53,1
7483,3.7,1
7487,1362.53,1
7495,0.3,1
7502,268.77,1
7503,89.77,1
7521,118.5,1
7524,0.23,1
7540,386.23,1
7548,7.97,1
7561,1780.03,1
7568,1375.27,1
7583,1425.13,1
7606,29.4,1
7612,1782.23,1
7620,236.73,1
7631,45.87,1
7642,1290.97,1
7645,577.5,1
7649,298.13,1
7676,0.1,1
7687,4833.73,1
7724,48.2,1
7726,147.4,1
7735,0.2,1
7742,426.43,1
7752,141.3,1
7782,271.3,1
7819,11.97,1
7861,3837.73,1
7863,4.63,1
7873,19.63,1
7889,2.3,1
7898,131.73,1
7908,1402.33,1
7934,131.87,1
7962,65.53,1
7975,188.33,1
7987,6.7,1
8005,2912.1,1
8010,962.17,1
8018,267.13,1
8030,364.93,1
8053,68.8,1
8057,111.2,1
8059,8.67,1
8068,223.1,1
8095,1395.6,1
8107,1.9,1
8133,305.77,1
8183,80.63,1
8223,755.37,1
8260,14.07,1
8380,1334.17,1
8412,1096.57,1
8425,32.17,1
8437,1548.93,1
8444,14.87,1
8452,205.27,1
8495,505.67,1
8519,54.33,1
8538,63.57,1
8539,398.3,1
8544,131.6,1
8555,188.1,1
8567,7.47,1
8591,297.2,1
8600,412.93,1
8679,2.07,1
8716,10.17,1
8734,476.9,1
8758,909.43,1
8773,44.6,1
8779,0.6,1
8797,67.97,1
8798,20.13,1
8825,0.43,1
8855,4092.07,1
8868,1338.6,1
8873,22.73,1
8912,582.43,1
8924,1138.17,1
8937,85.63,1
8950,10.87,1
8952,52.7,1
8964,41.4,1
9000,700.97,1
9021,318.53,1
9027,374.2,1
9100,422.13,1
9107,619.4,1
9108,1570.47,1
9112,17.87,1
9114,290.8,1
9178,118.6,1
9188,315.33,1
9231,289.17,1
9252,1.47,1
9260,4.17,1
9303,12.6,1
9305,2017.8,1
9334,136.73,1
9336,10.93,1
9354,15.9,1
9372,29.57,1
9409,1923.07,1
9429,3277.03,1
9435,386.33,1
9465,1022.0,1
9478,85.07,1
9513,57.7,1
9521,0.13,1
9544,0.8,1
9560,207.43,1
9571,650.2,1
9598,914.77,1
9612,92.97,1
9653,1279.63,1
9703,817.17,1
9708,197.13,1
9736,1351.53,1
9746,635.43,1
9754,35.93,1
9793,2143.63,1
9794,255.9,1
9803,548.0,1
9812,2578.0,1
9856,987.63,1
9876,0.23,1
9882,224.87,1
9952,47.47,1
9985,101.83,1
9989,30.93,1
10002,124.63,1
10029,14.1,1
10057,26.7,1
10078,33.27,1
10103,17.5,1
10131,111.53,1
10158,695.4,1
10218,33.3,1
10272,87.8,1
10276,228.43,1
10288,771.33,1
10299,45.67,1
10337,9.2,1
10365,253.5,1
10390,86.3,1
10393,1418.53,1
10398,357.67,1
10595,38.33,1
10608,12.1,1
10662,5.87,1
10685,152.9,1
10690,0.17,1
10744,29.1,1
10748,3182.77,1
10791,75.87,1
10839,1710.57,1
10938,5.07,1
11002,85.93,1
11026,150.83,1
11082,13.7,1
11124,12.3,1
11209,1285.9,1
11227,626.27,1
11311,1133.13,1
11325,888.6,1
11365,717.63,1
11489,137.8,1
11538,0.2,1
11583,311.7,1
11604,2234.1,1
11607,187.1,1
11628,70.47,1
11644,54.43,1
11711,55.13,1
11735,862.57,1
11739,11.9,1
11748,174.47,1
11800,149.47,1
11802,0.27,1
11808,140.6,1
11812,0.5,1
11879,5081.77,1
11937,10.77,1
12033,25.87,1
12043,47.17,1
12073,73.03,1
12127,25.97,1
12146,13.23,1
12160,3131.97,1
12207,121.77,1
12222,1250.3,1
12234,22.73,1
12241,281.87,1
12270,1.9,1
12279,0.13,1
12385,279.37,1
12442,269.93,1
12473,287.13,1
12508,1437.93,1
12534,117.57,1
12551,545.6,1
12589,469.9,1
12610,513.9,1
12644,1.9,1
12735,434.77,1
12751,130.23,1
12761,619.73,1
12771,176.53,1
12781,1813.33,1
12797,10.03,1
12802,222.67,1
12808,6.17,1
12809,112.27,1
12811,0.77,1
12816,101.23,1
12857,459.0,1
12868,24.43,1
12971,73.1,1
12989,1766.07,1
13043,220.1,1
13073,2422.33,1
13076,519.93,1
13079,2785.4,1
13132,902.1,1
13134,30.43,1
13169,4.03,1
13179,286.93,1
13180,496.03,1
13463,96.57,1
13474,142.4,1
13501,172.3,1
13510,336.43,1
13566,25.73,1
13620,2236.57,1
13644,323.87,1
13804,0.37,1
13807,60.67,1
13902,56.73,1
13960,39.07,1
14425,24.0,1
14470,16.9,1
14629,243.47,1
14633,160.1,1
14700,663.27,1
14714,476.2,1
14735,775.4,1
14765,2062.37,1
14915,1920.13,1
14953,77.67,1
14967,14.97,1
15110,0.23,1
15179,5.23,1
15345,582.97,1
15416,11.3,1
15472,304.1,1
15736,974.3,1
16043,491.3,1
16052,1152.37,1
16118,2775.73,1
16414,440.63,1
16417,0.13,1
16450,678.77,1
16473,1.47,1
16632,1724.83,1
16725,1574.37,1
16728,403.87,1
16825,0.53,1
16832,0.2,1
16863,21.83,1
16991,2981.03,1
17159,333.77,1
17317,12.63,1
17524,292.43,1
17943,14.0,1
18314,4.2,1
18319,618.73,1
18360,1165.13,1
18510,9.47,1
18678,348.07,1
18692,486.2,1
18719,237.23,1
18722,242.07,1
18865,0.37,1
18954,1372.3,1
19005,680.43,1
19053,32.47,1
19074,78.27,1
19124,1004.87,1
19150,266.73,1
19178,54.33,1
19268,140.67,1
19347,28.47,1
19562,1850.73,1
19636,42.2,1
19665,904.47,1
19692,234.57,1
19821,264.03,1
19845,5.27,1
19900,109.03,1
19954,1838.47,1
19969,6.8,1
20120,1348.7,1
20556,0.33,1
20733,530.8,1
21569,2294.77,1
21633,410.53,1
21793,39.13,1
21801,4.4,1
22195,3.37,1
22351,0.47,1
22476,292.67,1
22533,1059.07,1
22653,0.17,1
23526,2.03,1
23708,1079.17,1
24006,1584.4,1
24423,2003.37,1
24434,33.8,1
24451,224.97,1
24924,455.87,1
25047,187.07,1
25057,825.97,1
25156,752.13,1
25211,1530.07,1
25308,1223.97,1
25863,186.07,1
25992,47.17,1
26922,4.83,1
26933,773.9,1
26958,354.17,1
27104,0.13,1
27576,784.07,1
29303,2441.73,1
30427,13.1,1
30439,0.17,1
31588,9.1,1
32237,899.47,1
32669,134.07,1
32973,73.23,1
33796,353.67,1
33916,5.7,1
34049,28.6,1
34081,3.87,1
34981,0.87,1
35147,36.73,1
37017,456.27,1
37860,391.93,1
38977,490.13,1
40867,45.07,1
41336,942.17,1
41451,210.83,1
41613,657.53,1
42675,3460.4,1
42928,471.6,1
44291,701.9,1
52075,0.63,1
52866,45.57,1
55709,0.17,1
58007,319.33,1
58539,48.1,1
59292,96.77,1
63369,177.4,1
70008,227.07,1
71149,2111.47,1
71758,203.8,1
75080,729.17,1
86013,11.03,1
98559,830.13,1
101613,832.7,1
102023,1991.87,1
103625,131.63,1
111107,1643.17,1
111643,46.53,1
113546,12.97,1
115084,10.6,1
115657,1049.1,1
120374,951.13,1
123732,52.73,1
134788,110.2,1
135372,91.53,1
137389,1196.6,1
137893,1512.73,1
139185,29.67,1
141064,238.6,1
142411,0.47,1
143012,180.4,1
143038,1506.03,1
143216,1744.9,1
143289,64.67,1
143305,74.33,1
143327,74.43,1
143392,557.3,1
143407,39.97,1
143444,127.0,1
143466,55.93,1
143489,1.53,1
143514,99.8,1
143519,18.93,1
143523,1494.7,1
143527,2295.1,1
143536,14.57,1
143561,1083.93,1
143597,12.1,1
143599,111.17,1
143643,1049.6,1
143691,44.47,1
143693,96.2,1
143701,751.77,1
143711,91.0,1
143746,650.0,1
143770,335.73,1
143777,129.43,1
143781,2256.97,1
143797,1010.7,1
143801,210.43,1
143853,1273.4,1
143920,62.47,1
143923,0.7,1
143958,83.9,1
144083,145.9,1
144087,0.17,1
144090,3.9,1
144119,4.5,1
144126,923.23,1
144164,1159.23,1
144208,158.37,1
144220,79.67,1
144230,43.03,1
144240,431.1,1
144273,23.13,1
144293,2225.9,1
144305,788.3,1
144343,484.57,1
144348,780.77,1
144378,2740.33,1
144381,631.73,1
144384,295.0,1
144387,143.77,1
144395,1066.0,1
144400,1087.07,1
144403,580.0,1
144426,1231.6,1
144444,131.9,1
144467,112.87,1
144492,423.9,1
144556,811.37,1
144565,1224.63,1
144599,149.77,1
144627,1377.77,1
144638,79.13,1
144644,203.0,1
144681,563.9,1
144682,872.13,1
144707,714.13,1
144713,15.3,1
144749,2044.97,1
144764,865.7,1
144786,1736.57,1
144788,1149.9,1
144789,146.67,1
144843,4491.6,1
144869,2733.87,1
144873,293.03,1
144874,1045.67,1
144900,1096.3,1
144907,1.43,1
144912,75.47,1
144929,1100.4,1
144939,1488.17,1
144956,231.8,1
144987,475.73,1
145013,543.5,1
145050,1009.5,1
145089,989.0,1
145091,261.87,1
145135,1768.87,1
145167,512.37,1
145179,37.27,1
145183,368.57,1
145185,296.7,1
145190,10.9,1
145196,90.03,1
145212,211.7,1
145230,13.93,1
145231,78.53,1
145235,48.6,1
145240,1518.3,1
145254,816.7,1
145258,700.47,1
145278,310.67,1
145281,282.93,1
145285,3770.23,1
145290,4404.23,1
145308,475.53,1
145310,9.97,1
145344,17.2,1
145345,274.53,1
145349,781.9,1
145353,973.9,1
145370,2203.8,1
145386,824.67,1
145399,0.1,1
145464,136.9,1
145477,230.47,1
145502,3006.53,1
145560,520.97,1
145569,1294.43,1
145628,0.7,1
145672,3622.5,1
145681,1128.8,1
145684,3.77,1
145730,3924.87,1
145747,74.2,1
145751,106.2,1
145754,17.67,1
145762,1219.73,1
145768,1645.7,1
145773,5.37,1
145774,56.1,1
145792,210.73,1
145793,408.33,1
145795,1863.43,1
145796,1601.17,1
145813,640.53,1
145821,519.47,1
145822,6.57,1
145834,2208.93,1
145842,0.3,1
145853,188.6,1
145867,395.77,1
145868,560.93,1
145873,3459.5,1
145877,214.5,1
145899,749.83,1
145903,2.97,1
145905,5387.77,1
145915,5621.27,1
145944,610.57,1
145954,1273.13,1
145957,38.27,1
145965,1852.87,1
145993,1487.23,1
146015,1955.03,1
146021,883.53,1
146036,144.27,1
146049,441.73,1
146051,40.03,1
146052,924.8,1
146068,85.7,1
146133,783.6,1
146144,167.13,1
146145,62.23,1
146149,743.37,1
146172,1200.5,1
146185,88.67,1
146189,385.43,1
146201,2495.0,1
146224,1240.03,1
146249,50.73,1
146252,355.6,1
146308,620.77,1
146339,2294.1,1
146352,1634.27,1
146367,1603.53,1
146384,50.97,1
146397,2911.33,1
146419,0.47,1
146424,912.77,1
146427,953.17,1
146429,0.5,1
146457,920.5,1
146479,2721.37,1
146480,337.6,1
146485,863.93,1
146487,238.7,1
146498,2401.7,1
146514,1416.0,1
146518,986.1,1
146526,682.0,1
146536,745.87,1
146542,109.77,1
146551,112.87,1
146552,0.87,1
146555,4.23,1
146568,19.33,1
146578,1264.8,1
146608,1391.2,1
146613,4373.37,1
146625,130.27,1
146730,153.3,1
146734,38.37,1
146760,77.7,1
146767,880.47,1
146772,78.53,1
146788,3069.77,1
146799,325.2,1
146801,1512.33,1
146807,447.8,1
146821,604.23,1
146851,707.77,1
146853,59.07,1
146855,13.83,1
146859,430.37,1
146865,137.4,1
146866,1904.6,1
146872,1916.43,1
146880,133.07,1
146888,353.53,1
146891,1722.27,1
146897,261.8,1
146906,19.67,1
146907,108.3,1
146908,242.87,1
146909,279.47,1
146914,552.17,1
146932,75.53,1
146937,152.73,1
146940,0.33,1
146948,637.23,1
146958,1267.93,1
146960,897.2,1
146964,565.53,1
146976,827.3,1
146977,869.3,1
146990,337.03,1
146991,387.43,1
147005,680.17,1
147013,225.8,1
147015,1401.93,1
147025,46.23,1
147043,876.07,1
147044,1.6,1
147045,2145.37,1
147047,999.57,1
147053,66.0,1
147057,695.7,1
147059,310.93,1
147061,1909.5,1
147062,75.2,1
147066,449.27,1
147076,20.7,1
147083,3424.53,1
147087,698.13,1
147102,853.6,1
147111,34.63,1
147136,840.47,1
147142,718.03,1
147143,1500.23,1
147146,119.23,1
147148,1094.87,1
147149,532.13,1
147150,350.2,1
147152,139.23,1
147158,998.3,1
147159,5.4,1
147161,280.63,1
147169,1081.93,1
147178,121.9,1
147180,891.57,1
147181,36.3,1
147183,630.93,1
147197,1068.97,1
147200,881.9,1
147217,1325.43,1
147231,350.9,1
147236,2965.6,1
147249,72.97,1
147258,2908.53,1
147259,0.7,1
147269,671.0,1
147290,493.93,1
147291,22.73,1
147305,109.9,1
147317,700.2,1
147319,109.13,1
147323,66.27,1
147338,3015.0,1
147346,212.77,1
147356,1363.3,1
147359,66.7,1
147368,193.47,1
147385,1905.17,1
147388,363.03,1
147405,982.63,1
147430,1284.13,1
147437,1430.33,1
147441,69.13,1
147444,302.17,1
147446,1260.73,1
147447,438.37,1
147448,1746.67,1
147449,466.3,1
147460,143.77,1
147473,5170.3,1
147479,2327.1,1
147506,387.73,1
147515,26.1,1
147526,654.37,1
147530,668.0,1
147546,546.8,1
147550,80.23,1
147555,928.73,1
147568,1.9,1
147576,2508.13,1
147579,130.63,1
147591,160.17,1
147593,1591.77,1
147600,1081.47,1
147604,2916.23,1
147612,521.77,1
147618,3014.57,1
147625,32.53,1
147643,176.13,1
147666,17.83,1
147676,1107.9,1
147687,5414.43,1
147715,560.0,1
147733,1199.23,1
147737,1042.27,1
147755,1138.0,1
147763,480.0,1
147773,5901.23,1
147801,61.9,1
147804,602.2,1
147876,1406.43,1
147884,589.93,1
147903,1319.33,1
147906,920.4,1
147951,6721.1,1
147959,1021.0,1
147991,77.0,1
147993,1525.47,1
148002,806.07,1
148049,499.43,1
148053,1.47,1
148054,2543.63,1
148089,11.13,1
148094,611.7,1
148103,642.37,1
148109,709.43,1
148126,863.5,1
148128,145.57,1
148134,1576.63,1
148194,1712.27,1
148222,3116.0,1
148228,5.4,1
148257,3939.63,1
148263,666.73,1
148265,2410.37,1
148272,2248.13,1
148280,48.6,1
148297,130.37,1
148326,1678.2,1
148329,867.63,1
148330,1226.83,1
148339,163.37,1
148344,139.73,1
148346,1125.43,1
148356,118.2,1
148372,311.1,1
148411,548.77,1
148412,101.37,1
148420,115.6,1
148455,836.57,1
148467,980.1,1
148486,580.53,1
148488,1765.97,1
148497,3008.1,1
148527,2573.9,1
148531,472.13,1
148559,1843.07,1
148577,161.63,1
148584,989.2,1
148601,0.6,1
148618,39.67,1
148643,233.8,1
148646,779.97,1
148667,2741.77,1
148669,493.37,1
148670,215.57,1
148685,75.37,1
148712,1.27,1
148715,1093.23,1
148758,69.0,1
148777,232.67,1
148778,158.97,1
148785,2881.3,1
148787,265.93,1
148793,2700.67,1
148812,42.33,1
148814,359.97,1
148817,2045.57,1
148837,2107.93,1
148854,11.4,1
148882,34.8,1
148886,3763.8,1
148901,3048.5,1
148919,176.6,1
148927,1250.13,1
148933,2079.13,1
148939,4920.5,1
148948,584.93,1
148996,148.17,1
149015,5456.47,1
149023,338.17,1
149027,7.6,1
149037,103.27,1
149038,282.8,1
149044,408.13,1
149049,324.9,1
149064,2260.63,1
149109,733.0,1
149122,1247.5,1
149123,98.33,1
149125,1853.63,1
149131,774.4,1
149135,1105.53,1
149195,1648.7,1
149197,135.4,1
149218,5820.87,1
149241,1510.5,1
149253,45.47,1
149260,844.27,1
149290,13.7,1
149303,1295.77,1
149361,217.07,1
149402,1018.63,1
149404,1064.7,1
149455,705.6,1
149474,478.03,1
149494,2858.17,1
149500,1628.03,1
149515,154.9,1
149546,17.4,1
149547,527.83,1
149548,788.77,1
149554,219.8,1
149566,2005.47,1
149569,32.37,1
149577,1361.67,1
149584,689.87,1
149591,1748.1,1
149610,401.7,1
149617,428.77,1
149633,461.83,1
149636,191.13,1
149652,1064.4,1
149690,253.57,1
149763,2223.2,1
149770,1095.77,1
149812,4070.67,1
149815,1659.43,1
149844,52.0,1
149849,239.7,1
149887,1109.93,1
149892,409.2,1
149903,622.23,1
149946,500.63,1
149950,799.7,1
149951,551.67,1
149960,921.37,1
150015,124.37,1
150052,212.23,1
150053,234.6,1
150059,801.33,1
150061,5116.0,1
150064,1690.03,1
150076,54.03,1
150090,1820.43,1
150094,66.33,1
150127,33.23,1
150147,228.53,1
150158,0.23,1
150269,414.9,1
150288,211.63,1
150462,13.8,1
150582,1810.53,1
150663,1469.87,1
150664,71.13,1
150678,622.7,1
150733,223.1,1
150757,713.37,1
150819,2025.37,1
150851,148.9,1
150854,1358.67,1
150861,888.7,1
150864,817.97,1
150890,2150.7,1
150949,6371.9,1
150981,353.1,1
151037,38.97,1
151082,3.2,1
151113,5813.23,1
151153,200.4,1
151156,1318.83,1
151171,437.53,1
151188,1315.0,1
151197,11.6,1
151287,7.93,1
151313,1325.87,1
151321,32.97,1
151366,556.53,1
151402,670.47,1
151404,5763.2,1
151418,0.57,1
151428,658.3,1
151494,0.4,1
151559,27.3,1
151574,14.23,1
151620,933.23,1
151638,874.7,1
151643,901.63,1
151663,340.5,1
151694,5256.83,1
151709,1835.23,1
151759,950.33,1
151765,1900.8,1
151779,204.2,1
151783,597.57,1
151811,1304.47,1
151829,175.37,1
151849,1061.07,1
151879,1036.2,1
151886,2377.43,1
151892,146.3,1
151950,877.4,1
151952,48.23,1
151953,1365.2,1
151962,742.63,1
151981,1929.53,1
151988,482.27,1
152006,62.0,1
152033,108.8,1
152060,453.47,1
152068,157.23,1
152082,74.47,1
152109,2039.83,1
152123,3688.03,1
152140,154.5,1
152141,442.97,1
152174,254.73,1
152177,5721.83,1
152232,840.8,1
152249,96.93,1
152253,710.53,1
152265,4155.07,1
152267,634.1,1
152285,3655.0,1
152336,652.97,1
152346,912.23,1
152353,1420.43,1
152360,215.4,1
152369,841.63,1
152402,423.13,1
152421,129.5,1
152429,2373.97,1
152472,4523.7,1
152502,394.6,1
152533,211.87,1
152551,84.3,1
152601,614.1,1
152611,2576.0,1
152659,1776.1,1
152692,2657.1,1
152766,457.13,1
152811,2060.57,1
152825,52.63,1
152826,0.23,1
152855,477.0,1
152884,666.43,1
152896,217.53,1
152969,796.3,1
152970,1328.0,1
152978,355.3,1
152979,1187.63,1
152999,1316.0,1
153050,1893.27,1
153091,1350.5,1
153103,1474.23,1
153223,2653.37,1
153229,357.1,1
153255,2658.97,1
153351,1664.97,1
153379,1.97,1
153388,159.5,1
153478,977.57,1
153509,3480.97,1
153519,3804.27,1
153526,1899.5,1
153558,3741.63,1
153574,602.4,1
153700,389.97,1
153726,690.03,1
153741,1411.67,1
153762,1161.5,1
153773,397.33,1
153885,598.7,1
153895,522.3,1
153897,15.83,1
153931,1323.7,1
153934,746.33,1
153938,646.1,1
153953,1979.77,1
153956,403.67,1
153971,9.83,1
153972,5668.57,1
153974,462.7,1
153987,1550.57,1
154046,1142.37,1
154050,492.3,1
154092,1925.93,1
154108,301.03,1
154128,59.5,1
154133,261.47,1
154143,422.4,1
154171,1774.2,1
154181,2848.37,1
154300,457.2,1
154320,549.47,1
154378,1277.27,1
154458,1064.2,1
154460,0.1,1
154491,1046.27,1
154508,721.93,1
154509,1286.33,1
154556,2767.13,1
154559,125.73,1
154576,839.83,1
154600,830.43,1
154656,690.4,1
154674,505.13,1
154713,73.67,1
154750,834.5,1
154821,2209.53,1
154853,1025.53,1
154921,70.43,1
154995,518.37,1
155034,2117.1,1
155035,702.27,1
155037,851.1,1
155073,356.13,1
155087,22.83,1
155096,619.57,1
155116,181.83,1
155280,576.93,1
155301,371.33,1
155427,2777.5,1
155431,501.17,1
155444,968.33,1
155456,1756.3,1
155459,873.53,1
155462,1374.53,1
155466,1010.1,1
155494,388.23,1
155621,3173.7,1
155628,11.7,1
155694,612.27,1
155712,52.53,1
155741,601.3,1
155744,283.47,1
155747,108.73,1
155805,126.13,1
155816,0.13,1
155845,464.53,1
155897,195.33,1
155912,540.33,1
155918,1018.1,1
155924,1499.97,1
155926,139.07,1
155961,77.8,1
155973,1270.03,1
155987,319.63,1
155992,707.77,1
156042,1283.27,1
156057,1686.57,1
156077,200.03,1
156078,381.4,1
156080,192.03,1
156132,47.73,1
156152,18.87,1
156159,1148.93,1
156167,1760.07,1
156171,309.9,1
156180,38.37,1
156182,345.9,1
156184,1314.87,1
156191,78.87,1
156194,11.63,1
156206,2697.97,1
156211,299.53,1
156218,1161.83,1
156219,1828.73,1
156226,258.73,1
156231,789.6,1
156234,469.47,1
156240,251.23,1
156241,1888.77,1
156250,309.73,1
156251,306.13,1
156253,794.93,1
156257,1590.17,1
156271,243.5,1
156274,58.03,1
156276,430.67,1
156291,322.3,1
156293,354.7,1
156296,53.13,1
156318,29.4,1
156319,730.43,1
156323,4.2,1
156324,2835.7,1
156325,85.73,1
156343,278.8,1
156344,1363.57,1
156348,1228.93,1
156360,930.37,1
156362,205.1,1
156388,644.8,1
156389,207.13,1
156391,310.63,1
156399,1518.7,1
156400,107.0,1
156406,1696.53,1
156407,1064.63,1
156409,82.9,1
156417,948.6,1
156427,1004.07,1
156428,674.3,1
156431,50.23,1
156439,93.93,1
156441,623.2,1
156444,46.5,1
156446,831.53,1
156461,1397.33,1
156464,363.77,1
156467,22.6,1
156482,920.7,1
156484,2058.63,1
156487,501.63,1
156494,5.47,1
156498,1319.07,1
156501,12.43,1
156504,378.8,1
156510,300.13,1
156512,493.0,1
156519,811.77,1
156521,548.43,1
156534,2622.3,1
156541,505.6,1
156543,140.5,1
156547,1752.53,1
156549,176.33,1
156551,24.43,1
156561,869.1,1
156564,60.13,1
156568,8.5,1
156582,379.2,1
156584,518.07,1
156587,272.6,1
156588,81.03,1
156592,756.53,1
156604,1.67,1
156605,161.27,1
156607,141.67,1
156608,844.97,1
156610,1678.33,1
156612,315.57,1
156619,19.97,1
156631,394.33,1
156647,2644.37,1
156649,138.07,1
156656,1658.97,1
156661,3.03,1
156674,1051.83,1
156680,579.33,1
156686,1865.5,1
156687,144.77,1
156691,356.83,1
156693,598.23,1
156694,1029.47,1
156695,1900.03,1
156703,307.07,1
156708,40.3,1
156716,1055.47,1
156719,336.83,1
156725,278.77,1
156727,140.87,1
156743,249.03,1
156748,670.87,1
156752,242.03,1
156753,149.23,1
156757,992.7,1
156760,324.1,1
156770,129.87,1
156772,242.13,1
156774,137.53,1
156775,903.77,1
156777,0.23,1
156778,247.17,1
156780,0.13,1
156787,402.97,1
156822,433.5,1
156831,1633.13,1
156838,132.27,1
156841,657.37,1
156843,931.4,1
156844,1305.5,1
156845,1970.0,1
156896,2514.97,1
156901,272.8,1
156905,704.3,1
156908,509.83,1
156931,525.97,1
156966,703.83,1
156975,78.8,1
156996,5187.2,1
157012,229.5,1
157039,649.2,1
157115,4893.23,1
157118,380.67,1
157134,327.9,1
157146,183.23,1
157184,265.0,1
157198,465.93,1
157202,295.5,1
157218,881.63,1
157232,1265.83,1
157248,852.63,1
157272,26.3,1
157277,2375.8,1
157285,223.73,1
157306,127.6,1
157313,356.8,1
157334,1179.67,1
157360,715.5,1
157377,215.13,1
157419,549.43,1
157423,683.9,1
157465,468.33,1
157476,893.3,1
157525,5.23,1
157526,114.07,1
157536,43.93,1
157578,124.1,1
157600,240.0,1
157642,573.1,1
157653,141.83,1
157686,82.27,1
157698,1004.97,1
157722,388.13,1
157777,473.13,1
157786,356.0,1
157816,1807.8,1
157841,423.23,1
157853,871.57,1
157904,1230.47,1
157905,826.87,1
157911,932.83,1
157913,38.73,1
157914,31.13,1
157915,105.77,1
157916,135.13,1
157933,664.17,1
157934,128.97,1
157971,1810.37,1
157974,154.17,1
157977,348.07,1
157988,475.2,1
157989,168.37,1
157997,1032.73,1
158031,55.4,1
158038,1080.3,1
158045,278.47,1
158054,692.97,1
158104,352.13,1
158105,94.7,1
158119,118.8,1
158179,897.9,1
158205,550.53,1
158260,265.9,1
158272,428.4,1
158336,204.17,1
158376,349.3,1
158413,39.2,1
158466,222.33,1
158482,0.9,1
158706,6.03,1
